n_superpixels,compactness,regularity,global_regularity,boundary_recall,boundary_recall_std,under_segmentation_error,under_segmentation_error_std,corrected_under_segmentation_error,corrected_under_segmentation_error_std,asa,asa_std,precision,precision_std,contour_density,contour_density_std,explained_variation,explained_variation_std,method,image,execution_time,n_segments_target
217,0.5312008208170421,0.7491410490275323,0.8362179278397268,0.8835854938139199,0.048002040223738565,0.44797248722482375,0.14690654439527517,0.44797248722482375,0.1469065443952752,0.9521868381681464,0.01935605614910724,0.0958652997487949,0.02268221644912704,5.982796263895136,1.8607365850813142,0.9467048593216816,0.019598627375934072,SLIC,100007,1.8710215091705322,200
200,0.36676560558954124,0.6599682753964812,0.8049241802069843,0.7833053725189033,0.04087909338719732,0.569983355030084,0.3391810489139599,0.5317465560456214,0.2708995148307386,0.9406545294395763,0.03454020000633401,0.05796037694771873,0.029905882848692805,8.762976666369578,4.842367639757682,0.9353558590941763,0.0323677279437357,SLIC,100039,1.9890127182006836,200
217,0.589856626022607,0.7912901872245482,0.8580590256013941,0.8376915971923793,0.026569548949146878,0.3861361001547918,0.052406343984430684,0.3861361001547918,0.0524063439844307,0.9617619056871394,0.005786472775555071,0.055093863619499896,0.007868226367862122,6.922394720497853,0.9218790531480706,0.9541016789614918,0.005374395309594442,SLIC,100099,1.8836781978607178,200
222,0.5882220909658114,0.7455000640658228,0.824045468026876,0.8811839984933032,0.049430894433422114,0.45970298119830827,0.12335294150242024,0.45970298119830827,0.12335294150242024,0.9611310807572491,0.01039917728905903,0.07540673339399454,0.022606572411516118,7.22110576941366,2.118390549740656,0.9578143779567349,0.009975014697446289,SLIC,10081,1.9092011451721191,200
198,0.4324822848932853,0.7108635316547116,0.8445828449732898,0.813385362424734,0.037410001714491596,0.5780428883232621,0.05165511125277168,0.5780428883232622,0.05165511125277169,0.9392180102460477,0.0054765504283249946,0.054304899940163555,0.010637561498530804,7.0543059302726165,0.3363424183288603,0.9329659226855487,0.005294269033757785,SLIC,101027,2.0157792568206787,200
191,0.3806181833869304,0.6124291433217843,0.7884740522286992,0.910631344886565,0.03614798163519991,0.7839845596854943,0.2794665145707804,0.7201572528675334,0.14835325922998613,0.9524711627515366,0.024863143292897658,0.10896828250471241,0.016182996509351524,5.580914224189409,1.3100025212570767,0.9499241190534482,0.024592236641304385,SLIC,101084,2.0798654556274414,200
192,0.3714355035179587,0.6876562898210892,0.8182499131311145,0.7223983598794439,0.031696266345379406,0.8897235121534187,0.35091925789795686,0.803332879968394,0.2699925701903351,0.9176482017603513,0.02900414022307072,0.06600235586259591,0.022830215729898056,6.453335461487727,3.3718628562694626,0.9146882364761778,0.028117036687390493,SLIC,102062,2.0272133350372314,200
205,0.43246954266690574,0.6674470517815745,0.8195570367429821,0.8461483020472549,0.01993013726703458,0.5291144487406169,0.17943487561257918,0.5291144487406171,0.17943487561257923,0.9565274836302873,0.017589738076381378,0.05546169341737604,0.016057330070195365,9.168528035994644,2.695598301794059,0.9484382755410797,0.015223256871687737,SLIC,103006,1.9956402778625488,200
215,0.5692112823126699,0.7786136499901797,0.8538482906863248,0.8860097799839441,0.038350172333997054,0.45393650300192356,0.11798877934888143,0.4539365030019235,0.11798877934888143,0.9682571680235231,0.011178599382724244,0.07411775806755992,0.012246717885911773,6.931982764448064,1.7727117313582836,0.963683575472333,0.011308648105553687,SLIC,103029,1.9035203456878662,200
211,0.42007710991444885,0.7237600038767905,0.8216958951072548,0.8846659113652123,0.03761963258343916,0.6366668609659264,0.1197684109781925,0.6366668609659264,0.1197684109781925,0.9515832151346171,0.003974431028320314,0.08560136242408663,0.022312376451435717,5.8066373240665055,1.8706854750836461,0.9475274828078568,0.0035639369877567407,SLIC,103078,1.9478802680969238,200
222,0.3616986548098045,0.6953704683778592,0.8048819784029256,0.7572405746156189,0.04219315253959744,0.5944391551868188,0.21218919461550662,0.5944391551868188,0.2121891946155067,0.9238968659529407,0.02166806264390504,0.06137520240573675,0.020750657696548686,6.3371844106347535,2.3973472325290914,0.9164529776135945,0.020259228226907136,SLIC,104010,1.9518005847930908,200
217,0.4849653051327719,0.7548692679438014,0.8480604343981083,0.8153058083958103,0.01699538176837729,0.44205132522889534,0.06277899645822915,0.44205132522889534,0.06277899645822915,0.9619583638275228,0.005856447985963873,0.06809740223306963,0.005001676601810628,6.504465548623096,0.5252818533876661,0.9592161056335514,0.00553864176738941,SLIC,104055,1.8987112045288086,200
215,0.4992542543732254,0.7716906309338956,0.8405068508903951,0.8618175172788082,0.010539479934284862,0.40602586770811067,0.03843630280322237,0.40602586770811067,0.03843630280322236,0.9615701970842159,0.0031978129772389555,0.06749541743042826,0.0049761130380456655,7.945509332366451,0.6755727967287724,0.9522216625739264,0.002935247308822165,SLIC,105027,1.937121868133545,200
223,0.6410679330421613,0.7820388067242902,0.8498226638867143,0.9338313432425075,0.0515892066311612,0.3324006968866782,0.11567686489939875,0.3324006968866782,0.11567686489939871,0.9769897863355806,0.014019403582413712,0.05700224753933194,0.007572838324119109,9.188390342082984,2.257777761769209,0.9728693035235091,0.01449450558075064,SLIC,106005,1.8903515338897705,200
216,0.5611459633901936,0.7227743009336315,0.8333616178610844,0.8732329774767928,0.037843224764768216,0.2632949268463287,0.10251710538662782,0.2632949268463287,0.10251710538662782,0.9739069047480262,0.018171157172138398,0.036170290785083055,0.01152612197431033,14.096719486077328,4.784275755697822,0.962711834767909,0.02223107426088922,SLIC,106047,1.9035015106201172,200
210,0.43116509290060057,0.7544480348999292,0.8486157777856568,0.7643794104294799,0.029674172716802363,0.69869625196728,0.16324678380182137,0.69869625196728,0.1632467838018214,0.919418915680598,0.020858259929545778,0.07450765864332605,0.012181585035654419,5.058284551207956,0.8469550348364537,0.9139302965999432,0.02014614063199186,SLIC,107014,1.9467248916625977,200
203,0.412210410553347,0.6964145199413824,0.8219765394076878,0.7668504354914101,0.01525571263221594,0.6267446454362342,0.2002434636250671,0.6233081391959897,0.1935489565030046,0.9121430560682897,0.024568349114837018,0.06840271177849586,0.015041270822684714,5.489654409834564,0.9923699889755453,0.9052211037559706,0.024578523329087432,SLIC,107045,1.9913134574890137,200
207,0.38179626406669365,0.7189687190031557,0.8329933958194092,0.8536089636999485,0.014902288945977745,0.7334954344300139,0.18941023594731174,0.7107485425242434,0.14004487730654172,0.9409802120082494,0.014369431918341391,0.08255958417293349,0.01482378110480961,5.954766698826175,0.9764418790311058,0.9374178287333718,0.013732856804934343,SLIC,107072,1.9823648929595947,200
194,0.3216410962549753,0.6904182422122219,0.8291541149125173,0.7844068705789377,0.03135002625048789,0.593364032616369,0.5205999321322863,0.46748790487108244,0.27126365434173916,0.9471713266105789,0.013843963922333984,0.04543404735062007,0.03497715435069188,11.213909335380915,4.324981899318622,0.9305388516898605,0.01243937491988113,SLIC,108004,2.057856559753418,200
208,0.3859653968788643,0.6872691994668375,0.8223571471692082,0.708797148555009,0.025487149587579395,0.6607470158872029,0.06815709380359715,0.6607470158872029,0.06815709380359714,0.9126469388151632,0.008557783496414884,0.054943567979825934,0.004922870544047308,5.838610400104016,0.5413443156560074,0.906100200341753,0.007921800940231991,SLIC,108036,1.9954538345336914,200
220,0.38605104710912397,0.6672741917716873,0.8151905520884138,0.8725130383405707,0.017138194325893034,0.2583441817086677,0.03966178449234513,0.2583441817086677,0.03966178449234513,0.9736504297251962,0.004251552354930624,0.023990037057286924,0.0038687274031211317,17.797825237106753,2.125905789024017,0.9574620630695394,0.005143203475518259,SLIC,108069,1.9647762775421143,200
215,0.4734318463392108,0.6966010554248363,0.8149360933654707,0.7402207546134141,0.047647952738367944,0.411910544620825,0.1732189355678139,0.411910544620825,0.1732189355678139,0.9449096832274402,0.025592924953201198,0.03706677371872073,0.010498642753244419,9.618265347910038,3.3271611436337167,0.9236154198771018,0.017303963792793677,SLIC,109055,1.9653096199035645,200
216,0.660636573107943,0.8211175732536526,0.8714919904842655,0.9470904094019588,0.03526382953621149,0.4106460882161817,0.07289165930303086,0.4106460882161816,0.07289165930303085,0.982020841833926,0.0057755827927862755,0.08654505831550909,0.010691233265893916,6.823289980492853,1.175350250182745,0.9773839259820566,0.006211466197278463,SLIC,112056,1.8801047801971436,200
214,0.4028150964660854,0.7341831159906064,0.8365534143971257,0.810837928353461,0.012558419667737193,1.0759483423034826,0.3047950131608091,0.9270713920246632,0.06849951523796416,0.9005333514679309,0.01464497319885482,0.1072185532176317,0.03439110038798815,3.777921667770072,0.882520727412251,0.8968218690304279,0.013663818944172814,SLIC,112090,1.953371286392212,200
203,0.4409693749406339,0.7153640417658481,0.8357469896906301,0.819457176473332,0.03656831345823782,0.6162291695001976,0.06814144551883887,0.6162291695001976,0.0681414455188389,0.9452231526997881,0.011749958528127533,0.07440858811629196,0.019346317848414313,6.0078879521117825,0.5166923896799824,0.9418420176791658,0.01297533050404116,SLIC,117025,1.993812084197998,200
216,0.5245532069624695,0.7157697360879243,0.8347388360687528,0.8289570718987672,0.05524912306742028,0.7830946690759776,0.2370317136357753,0.7547062519025136,0.1975687775145296,0.9325690895784355,0.019298466821857048,0.10138498526971658,0.037404810761344644,4.853934658377744,1.6023037796257036,0.929190032694706,0.017910654096789734,SLIC,118015,1.9641361236572266,200
207,0.5172379716975053,0.6945145339695404,0.8436333486912427,0.7671452752331448,0.030188651303279575,0.7382788971574018,0.2527138825848488,0.7124241423306844,0.21522087834191134,0.9226973918562704,0.02010579080831306,0.08059339562085442,0.029825261049415044,5.429264384218358,1.8464130123944085,0.9188599629622514,0.019167709258548524,SLIC,118031,1.9991850852966309,200
218,0.41963807733209435,0.7007365514911387,0.8256286803995044,0.8342010718378452,0.026471241572592164,0.7914111091681185,0.29678780931271553,0.7368972135327275,0.22785711142813925,0.9179603759043012,0.026393262029083122,0.07774163144933265,0.02693553836392204,5.88230469200635,2.3769590560992744,0.9131261066068453,0.025119218042926172,SLIC,118072,1.995863914489746,200
216,0.6121972054666147,0.7575528548307534,0.8406218706927233,0.8649465213290624,0.020192876215573863,0.9414543947254227,0.25808573388725287,0.8562012767620244,0.18575210180423465,0.9222813755524036,0.025580609801091607,0.16916100643411744,0.03659901045775978,3.2078960273826183,0.9782769641644282,0.9189957510397551,0.025057636980758,SLIC,120003,1.8992283344268799,200
199,0.5762928581719641,0.7064416426032674,0.828376928428604,0.8076885688616823,0.015879438432734205,1.1221922137809988,0.3803176365944262,0.9060899864638182,0.14571282611753353,0.8996275930855371,0.033671723885904704,0.14017260787992494,0.03245917510502826,3.291959499798711,0.7708996730856867,0.8963307980322115,0.03270731012571537,SLIC,120093,1.9649977684020996,200
211,0.5169439472541347,0.7453676860850974,0.842345037600659,0.7809603909733014,0.025302791530913093,0.6853232815849639,0.1260495554934914,0.6853232815849639,0.12604955549349145,0.9315431894871147,0.013105547017748293,0.06468356674348519,0.010215302704781963,5.649308807706642,1.0539221639794032,0.927173470307906,0.01318302157247971,SLIC,123057,1.9568557739257812,200
214,0.513126618869173,0.7141614058407518,0.823829143843799,0.9015913313461852,0.008413644933201039,1.0709891775312337,0.21298171024476412,0.9535702488973516,0.09285950220529658,0.924645565767061,0.017055820448249277,0.170152137164936,0.019365661790217824,3.2467873621919536,0.4276143283278991,0.9224955311079561,0.01699068583888508,SLIC,128035,2.056882381439209,200
206,0.5356188902763186,0.736004526386335,0.8430220935556095,0.789441714209894,0.032487893832515345,0.5534588506551124,0.22214428135726733,0.5534588506551124,0.22214428135726735,0.934614413119086,0.024301027253945746,0.07785210366633769,0.014034673348002236,5.2159487833218545,1.1889251962958347,0.9216524720263038,0.01973986667143718,SLIC,130014,1.946241855621338,200
195,0.5732879050077125,0.630749764737504,0.8217720755428929,0.7478511735108528,0.03114553278578948,0.6800499996761679,0.16941342441045262,0.680049999676168,0.16941342441045282,0.9213502503222128,0.011766753899986484,0.06453189010410795,0.01920453813532609,5.508306075673928,1.236441081081597,0.9144681406507427,0.009380369695750344,SLIC,130066,1.9784326553344727,200
205,0.4031936232759484,0.647228386297499,0.7876276905062396,0.8325734014062123,0.02769361167447586,1.231870259907643,0.7853285493856196,0.7904342156678604,0.21528906732281122,0.9094295589622693,0.04752551499298914,0.12157991324657991,0.07217865751020916,5.377470256837673,2.9726262568454533,0.9058536475684983,0.045796685073730345,SLIC,134049,2.030416965484619,200
203,0.38145660220529337,0.6485299885987692,0.8058666717246655,0.784052764241807,0.008279648062363979,0.9888180776031242,0.1369754512437176,0.9333801810437324,0.0645960803635393,0.8857153343134652,0.011136935509731178,0.10191436186209542,0.012489256048682623,4.492173914825771,0.5973433795036983,0.8803956856559761,0.010550821062738646,SLIC,134067,2.040733814239502,200
211,0.49819197798517545,0.6829483846928999,0.8136276443402075,0.8452708337079272,0.021253904603432423,0.6655364926392964,0.24839981827027544,0.6494485139344953,0.22165068178816577,0.9357117721603703,0.02466241330989417,0.09869556363012744,0.0481988784071183,5.9810465511070845,2.0229585909218786,0.9320012521830755,0.02376133721780741,SLIC,140006,1.9512724876403809,200
214,0.6121013263500651,0.7865241033825516,0.8606955268476592,0.7124898669648767,0.06551148336341499,0.6869787112777768,0.20438155750058692,0.681149733486182,0.19472742712129681,0.9240393520767352,0.013481521090041705,0.10359938574478447,0.03692230489214225,3.9017014555011222,0.7046917269733187,0.9203464840765558,0.013486347778888328,SLIC,140088,1.909574031829834,200
222,0.38395784197559263,0.7558942365870729,0.8335241712936015,0.7707162776808757,0.04443349761768186,0.4374453533332039,0.1754546766634592,0.4374453533332038,0.1754546766634592,0.9394848478960629,0.01961921539058317,0.044932343185887465,0.020770701388358605,8.562483110555146,4.124963182644056,0.9323614989682569,0.016400424099431835,SLIC,14085,1.9399161338806152,200
219,0.3481333661305331,0.7259552098858261,0.8280041688563364,0.7178144148579002,0.038673364576953036,0.49743632921203007,0.07948986504199215,0.49743632921203007,0.07948986504199211,0.9379213865195174,0.010092061689180217,0.04691707809694793,0.008137254758512246,6.830501774071759,1.307233492641904,0.9337662754703956,0.009790364987314684,SLIC,14092,1.972442626953125,200
179,0.37897921092248715,0.6341046963839106,0.7841821838838089,0.6764742002247083,0.027108470318423162,0.3539148062512548,0.06417442142772671,0.3539148062512549,0.06417442142772674,0.9497865946464078,0.004850924432754157,0.02483832651445163,0.007099785419551029,12.621155756413499,2.5503893788611487,0.9283558377016323,0.009226769436872173,SLIC,141012,2.0839014053344727,200
193,0.3759218325254626,0.7216921650212295,0.828021722229488,0.8231868266619349,0.021635278781040188,0.47961606466279366,0.15281788536874472,0.47961606466279366,0.15281788536874466,0.9525404628208367,0.011429127657542717,0.046449494624348164,0.013866957463267025,9.397907643024134,3.1097132084615167,0.940395392825299,0.006189305299015171,SLIC,141048,2.001164197921753,200
217,0.4811170210688768,0.6199639800396823,0.7877529910897753,0.898405967655752,0.020730080312525982,1.1007040109843846,0.3235216493487092,0.9030239441454395,0.1727517629972245,0.9199603629510171,0.022841620729909962,0.11242418438357912,0.02440063712393199,4.595029411665629,1.4774656306641831,0.917123912475599,0.022184796237358854,SLIC,145059,1.9836578369140625,200
196,0.42052456729967785,0.6857168040854341,0.8234524851820544,0.7507734459821862,0.0468631645873948,0.7644911626220038,0.26660027716357915,0.7292478675656247,0.2168477664559083,0.9217492114688376,0.024293882898317357,0.0775480784981817,0.02936713745666846,5.085810276559582,1.5974848847798688,0.9180138265184994,0.02418759683075349,SLIC,145079,2.024815320968628,200
230,0.5746408213294857,0.7109785677235241,0.8164967249873013,0.8737401325377082,0.012452819992938168,1.1381156857792372,0.33990585537564094,0.9177440560618131,0.10076584666327248,0.9239603370444491,0.013569132615363352,0.19757113115891742,0.06186130416774311,2.980295810140336,0.6786637314079941,0.9217583867738739,0.012863902153652516,SLIC,146074,1.9261181354522705,200
208,0.3929817606707602,0.7062246047046975,0.8234381671240819,0.854489958498918,0.022875754974232873,0.8554530087240367,0.17366528041738355,0.8240607249953044,0.12317246620766265,0.9309214318560114,0.014594274503412996,0.08360675883256527,0.022027813448071854,5.67983600375384,1.0239529244845047,0.9272663024532184,0.014104421429769965,SLIC,147077,1.953735113143921,200
216,0.39299678436082386,0.6722901184271332,0.8035337059734833,0.8848536806125059,0.01904719397755777,0.9130355373346026,0.2636306307803642,0.8484323288061605,0.1941333795530466,0.9260600643778215,0.02237705268048543,0.1153132319369089,0.037551766450385965,4.938269593686905,1.4344554127667957,0.9230125692096671,0.022027073913873468,SLIC,147080,1.9752674102783203,200
220,0.4708029809743859,0.7150222086234932,0.8186886278178693,0.889546105380193,0.01518853773026393,1.0718285503332232,0.22078047364375356,0.9295134098872417,0.08677655816149725,0.9273476208055648,0.010191859667407143,0.13654064146162564,0.03027782899694588,3.7528090527867306,0.5952208149208115,0.9252503370767723,0.009857036648928409,SLIC,15011,1.933980941772461,200
205,0.3950314756647317,0.6989658131826918,0.8258248029129641,0.8471221893033315,0.03083982571079186,0.6101525680964933,0.156766968133638,0.6101525680964933,0.1567669681336379,0.9447045895644027,0.013795952183461893,0.07262546618048847,0.012605849600219217,6.504006969731175,1.6532443194863933,0.9413287629542616,0.013928580047488712,SLIC,15062,1.980102777481079,200
203,0.5321322162130976,0.7407893561367088,0.8418662442414602,0.7942290051321749,0.029972031919631277,0.6963309823122907,0.21419847401612777,0.6963309823122907,0.21419847401612765,0.949808615229176,0.016231466325352432,0.07569399843002925,0.022178373872460213,5.514363802812004,1.6302573976573185,0.9478874752952221,0.016026479049170237,SLIC,156054,1.9618730545043945,200
217,0.6500818859643234,0.7638982639857888,0.8502386220591032,0.9366866963413468,0.010786759654858334,0.6622159182906847,0.20953827779360196,0.6622159182906848,0.2095382777936021,0.9626090504595177,0.01222122017727328,0.11767713380899691,0.032666039916969765,4.964382630818092,1.2732424362126966,0.9604625945236638,0.011624069721863846,SLIC,157032,1.9160573482513428,200
214,0.4722447084885009,0.6798421722417031,0.8090340033351555,0.8985541555097912,0.011402000718958484,1.1823537412322458,0.3717331798412603,0.9310030375450935,0.08656936085390679,0.9324317847682334,0.021149047985209266,0.14159126573403227,0.02543055782713539,3.796525165556832,0.8813712536283004,0.9298185216174403,0.0204250035082069,SLIC,157087,1.9300298690795898,200
214,0.47840292012350416,0.7130709210377861,0.8144654400152866,0.8426181240387468,0.04936741309813089,0.5700286915240186,0.21107260877301146,0.5700286915240186,0.21107260877301143,0.9464241380129229,0.02797237817925547,0.07450408086049402,0.028357340261599796,7.230892018287908,3.990445757305684,0.9417451098082745,0.027851853464428672,SLIC,159002,1.9742870330810547,200
215,0.6691107134024354,0.777299662438127,0.8703359341862611,0.737358700404936,0.06128725847258905,0.37097687191145134,0.0375674029505046,0.37097687191145134,0.0375674029505046,0.959533940842352,0.003210212136503557,0.04656674799581735,0.008928958429467013,7.196164304668099,1.0444693319956802,0.9505623421511267,0.0059882290189538535,SLIC,159022,1.913423776626587,200
212,0.5626818883925117,0.717896377778281,0.8266590869722351,0.7944263861819244,0.029130910223857352,0.7281261131728421,0.15503675931706348,0.7264732741368255,0.15205682468149928,0.929957707527801,0.010538354012014832,0.08119433125383146,0.018801173237583887,5.1226885758839185,0.8941541436962089,0.9250328872440111,0.009582091153732613,SLIC,160006,1.9491868019104004,200
226,0.4773008381556371,0.6809002485415231,0.814071158077914,0.844108217701548,0.008431447210923771,0.9956891470910163,0.3650195838592039,0.8684490385424966,0.2610731702138172,0.923810078950266,0.023009334174755716,0.10331332143436638,0.035163082474804486,5.326613853054939,2.8201921787348203,0.920390118637514,0.020569251223300958,SLIC,16004,1.9312269687652588,200
207,0.606728927130682,0.7125621037402733,0.8304537592890949,0.8564472901666376,0.0121897441149709,0.4001839366325347,0.02845975878061031,0.4001839366325347,0.02845975878061031,0.9582904255801452,0.0038164252482701263,0.050331879385549026,0.003213109625113328,8.064102800816423,0.4418514146868297,0.9521906728233113,0.002995467042274831,SLIC,160067,1.9438376426696777,200
208,0.4202251140950966,0.6604638298649244,0.7922587475313504,0.7321441494469827,0.016775795011824437,0.6569819280099654,0.12316915784942634,0.6569819280099655,0.12316915784942639,0.9192459893394473,0.013362689911002696,0.04104293821608309,0.0050229554261664,7.750808533761198,0.8485096904448253,0.9095428398754403,0.011152676651517437,SLIC,16068,1.984344482421875,200
217,0.6118416296051522,0.7899093796066332,0.8517499531989435,0.8590800342861903,0.01751397580030152,0.47006280183850285,0.10355293877671243,0.47006280183850285,0.10355293877671243,0.9621213593176211,0.009733187534115914,0.057655778613728635,0.012063751939577263,7.963721296919181,1.6501532345449001,0.957068589077935,0.009056682815258867,SLIC,161045,1.9370336532592773,200
215,0.46342580821332824,0.6689523913637863,0.8024830676406333,0.8407115029505775,0.03793817639665083,0.8493338773712604,0.2954934955326608,0.775650416771912,0.1847664958044884,0.9178722935732282,0.03147163544010466,0.09681215648237958,0.034844630533248024,4.6749830818663805,1.3984111223545568,0.9141877332761734,0.030943392201208727,SLIC,163004,1.9758574962615967,200
200,0.38361747810626723,0.6503047542594133,0.8004709064798157,0.8464554744199418,0.022065298297732596,0.6573493694989023,0.12319609459702828,0.6573493694989023,0.12319609459702827,0.9497580974216489,0.005928823780860338,0.06650871340836113,0.016098016164576717,7.265419965522268,1.29967449095474,0.944894449240244,0.004916398830773723,SLIC,163096,2.0442936420440674,200
218,0.5027463288033529,0.7596076800176923,0.8409213842369861,0.9103605795860814,0.03663247721685887,0.2897960505437141,0.0350740711881101,0.2897960505437141,0.03507407118811011,0.9780947014591875,0.005383964198460121,0.03848972867565477,0.0027479489553346196,12.425408162296451,1.9194423523683302,0.9724812879018494,0.004654531515321353,SLIC,164046,1.9368693828582764,200
217,0.5720223255843137,0.7689408070141275,0.8467078504376149,0.8812797035683649,0.008094183059129772,0.5230827520547147,0.09132981680327781,0.5230827520547147,0.09132981680327781,0.9596926185711232,0.005340986225164498,0.0652882656118902,0.010813856989957214,6.901394959847953,1.0361357194979652,0.9560444450139484,0.004210524610694813,SLIC,168084,1.9265425205230713,200
202,0.4087367082661787,0.7044835966028926,0.8237845410200637,0.7295881309879657,0.023486257182017904,0.7108995408060828,0.06952726532603815,0.7108995408060828,0.06952726532603815,0.910675448993206,0.013564896067282206,0.06584204341641413,0.012915836221995809,5.264864012100175,0.5280037788364099,0.9047868307089241,0.013601662421824038,SLIC,17067,1.9987108707427979,200
213,0.40855414656293243,0.7019471726579991,0.8085175781841255,0.8597013347793508,0.037989902173815544,0.5881751629415181,0.16819403088749862,0.5881751629415181,0.16819403088749865,0.9441627105178506,0.02124461048586045,0.06510803102537387,0.010880081010974664,6.39461473186725,1.524465977749096,0.9379111107464603,0.020348279286990727,SLIC,175083,1.9883325099945068,200
215,0.6492635735047471,0.7532842644752045,0.8535699285246997,0.9157042948358134,0.037963784431681524,0.46813815972694484,0.2189488868079787,0.46813815972694484,0.21894888680797878,0.975541609186469,0.011508982685117802,0.08288612042804663,0.03752185235591295,7.801447765592556,2.294701280588887,0.9697710883119385,0.009779969863500564,SLIC,176051,1.8978850841522217,200
216,0.6311457111113428,0.7835624630108116,0.8574567289185631,0.8739376535601933,0.024034638941611793,0.7092583597256494,0.08020362368111841,0.7092583597256494,0.08020362368111845,0.944683000757767,0.007756429260183921,0.11725954198473283,0.03171664690364602,4.061254464469858,0.7575023729690705,0.9420737837914761,0.00809807429469353,SLIC,179084,1.9088921546936035,200
234,0.544303292637593,0.735453721148617,0.8286656549498489,0.867426696078469,0.05794792408491271,0.7081841007074652,0.5143632391830143,0.5719436186725906,0.23478709853198326,0.9326699093054233,0.07117681620802487,0.09421676863656563,0.04482111904271171,6.856430121002639,2.7831339767881653,0.9301557062721771,0.07115886817495655,SLIC,181021,1.9321815967559814,200
203,0.4916652239261256,0.7216032163827181,0.83339694064838,0.8617396048461569,0.058431606858845284,0.4769114189674937,0.1640121214578825,0.4769114189674937,0.16401212145788246,0.9577049371441895,0.02461641372121504,0.057702432347056964,0.013091016062860726,8.050893185109862,2.3864436547955172,0.9532997171265739,0.024805023506626063,SLIC,183066,1.9566586017608643,200
220,0.628523474156393,0.7738777552641838,0.8388117981297346,0.8669680398151538,0.010068750877883842,0.6102982925412832,0.06594090700225384,0.6102982925412832,0.06594090700225386,0.9508498433732077,0.0077239827188086314,0.08061327288754565,0.014747964743057326,5.391614888216154,0.5750681545629212,0.9481076674290816,0.007838136797978387,SLIC,185092,1.9029829502105713,200
177,0.41451077968368744,0.5987753919132929,0.7867282321118362,0.7395213333511645,0.037959113888924714,0.8438637055459486,0.15235335185178586,0.8414103535598862,0.14969741356642904,0.9256248340360489,0.012808311476338137,0.07012941709980117,0.014950105031576077,5.14644807110614,0.9272997951052591,0.9214809262257141,0.012473657319392787,SLIC,187058,2.0452678203582764,200
167,0.35762624268041365,0.5887241791603669,0.787331430091564,0.7069501677655258,0.0387839781188501,0.8753103930674024,0.27187127471794603,0.817486933374784,0.20597648597150509,0.8935706374958711,0.008324024996257081,0.07761134411823448,0.025131959622855214,4.636957961924975,1.2135540140279524,0.8843262568926538,0.005220101562595778,SLIC,187099,2.1254734992980957,200
217,0.4817222642998283,0.6980628325412425,0.826428704075193,0.8470223155981078,0.017656658490991333,1.258357134992649,0.3904621660057424,0.9573409498643144,0.06416269410236053,0.9060666705526519,0.030176439648886902,0.15519863642323325,0.025182988208156884,3.195550601199285,0.6566823212605866,0.9042273281847549,0.029945970240078158,SLIC,188025,1.930476427078247,200
216,0.5796229740895276,0.7511256191954089,0.8425666213916939,0.8565791521994438,0.02793370347001303,0.9362270969747606,0.1100219234836505,0.9203139876037072,0.09249762692313339,0.93579057130459,0.01427371198908484,0.11446610956360259,0.014271391105951934,3.9803764082545365,0.49626883542837896,0.9336182847942596,0.014217796426153981,SLIC,189006,1.9356956481933594,200
209,0.5912741734420572,0.755822882802273,0.8484181090206394,0.8255212495705042,0.017771155281231077,0.8116333443436247,0.08287216114335334,0.8116333443436247,0.0828721611433532,0.9213269344110465,0.0069312384720841185,0.10181089561831311,0.007907929982108342,4.025954183905965,0.3844690281491102,0.9180742847066261,0.006868396045200277,SLIC,189013,1.9176924228668213,200
221,0.5855542668134192,0.7266791186091562,0.8222524368190033,0.8898665386746316,0.049414240724073466,0.8044611110031671,0.0720136015024784,0.8044611110031671,0.0720136015024785,0.9508124947377283,0.015557011406444724,0.10570350643586328,0.013489222221115179,4.701133898135369,0.4002455381929154,0.9484802287715093,0.01613726467513327,SLIC,189029,1.926419973373413,200
229,0.4432272093647136,0.6832911749056874,0.7942933775666614,0.8798925257248967,0.010285777242956167,0.7866572539469735,0.26357804824568265,0.7737611803032364,0.25189821787156164,0.9382365830963962,0.01619124386385254,0.09435487192158802,0.02902987287925598,5.725215512676091,2.356679484652396,0.9350805988214427,0.01526481603853101,SLIC,189096,1.9686980247497559,200
221,0.7084971160563668,0.8074405615363947,0.8612389626203469,0.8816522130512408,0.022402441136030928,0.5221339240030829,0.09557873129440025,0.5221339240030828,0.0955787312944002,0.9529018594439155,0.011736817579597289,0.1053780202650039,0.015924092668627123,4.771229097274464,1.2809937112169048,0.9476435663351548,0.012129372957764728,SLIC,196027,1.901472568511963,200
246,0.3725612654382207,0.606324926055393,0.7652792628446975,0.7168588886941949,0.03242039407447005,0.9470547470547471,0.27408431834718805,0.8490437238100791,0.176333451837879,0.9060304013575042,0.019272217429648828,0.07180633763939495,0.019367693265663358,5.245727336762706,1.9923687028109172,0.9033978390784803,0.018265862621392327,SLIC,196040,2.018827438354492,200
214,0.47484909249072776,0.7348138095005063,0.8334602297025234,0.8641019940132779,0.030309826388908254,0.521036780849865,0.04352844850592602,0.521036780849865,0.04352844850592606,0.9494044727689588,0.007954662210787477,0.07332321699544765,0.010270385588466036,5.856182044843764,0.5409844585241415,0.9405912202641173,0.0070117326597445365,SLIC,196062,1.9715943336486816,200
178,0.377484777144368,0.596038552306245,0.7879869921081161,0.7730572484350143,0.02038069669460834,0.8073263774198354,0.04665873095341877,0.8073263774198354,0.04665873095341871,0.8753622062033276,0.005673234357957526,0.056893449723462386,0.00973441911399634,6.092975942234643,0.6401594722190416,0.8636424079414731,0.003190492659819499,SLIC,196088,2.0924768447875977,200
224,0.6094768413493777,0.7340855446535948,0.837179810703752,0.8747993696054932,0.006260639274363523,1.1210473593651165,0.3150639183599384,0.902588066139468,0.15325818327718665,0.9342124295395324,0.014388471398612369,0.1822903142041028,0.03849562941215901,3.043821752781151,0.7458661367552115,0.9326067370441987,0.013869689572294718,SLIC,198087,1.9244661331176758,200
218,0.5676561099276758,0.7534419372773763,0.8425524074319373,0.8818441263758975,0.05395455794488234,0.6990239700520074,0.19836140279109174,0.6833720852412442,0.1679603861845115,0.9504061933968476,0.029966784353644478,0.11545705829113768,0.024694237809571903,4.854358802280759,1.1340560981731493,0.94769901201625,0.030193502816625063,SLIC,20069,1.9065091609954834,200
206,0.6140043569800453,0.7633042455781827,0.8485663470462276,0.9007656395850029,0.017489222153375304,0.6331867453362782,0.2105754881191057,0.6331867453362782,0.21057548811910576,0.9576028220888033,0.01317613954022938,0.11540117416829744,0.020463464390766923,5.095071135543171,1.2335702641275257,0.9519679353116896,0.008745944351159994,SLIC,201080,1.9200177192687988,200
207,0.5784705487915464,0.710114543620168,0.8365128362052999,0.8616995447949971,0.06841796882623795,0.7973277375146534,0.42543417233003544,0.6692171682825888,0.1749040007068574,0.9608642431072336,0.015851578083437488,0.1051323446592829,0.033010699830724834,5.148587229375686,1.5233496097074246,0.9582509985846561,0.015340498105433744,SLIC,2018,1.956836462020874,200
191,0.6177122940336457,0.6609145229625497,0.8217184113848571,0.7452351319958836,0.03625760398582737,0.7620766704878854,0.19321261221237768,0.7547645416804296,0.18311433064718594,0.9112104196216346,0.024617750591806188,0.08773729703530173,0.02517292938050288,4.791164839118428,1.391037493984325,0.9047654000925032,0.024026902313268844,SLIC,202000,1.9754884243011475,200
220,0.5363167617122769,0.7543288711298666,0.8372764929764516,0.8818309473291391,0.01916349885330446,0.9006314725940895,0.23831223564527168,0.8310788142563842,0.14403028503184842,0.9306429362504127,0.017536800253120544,0.12613363911185238,0.01586363643718063,4.031651342547549,0.7409792207938711,0.9281912154044006,0.01743214822672481,SLIC,206062,1.9393885135650635,200
220,0.38784797539096433,0.7452996659570584,0.8388753729862329,0.8103727709363672,0.04406565905288932,0.6208649339490461,0.2274060454453607,0.6160258029416908,0.21881549459429805,0.9413863899845207,0.015176089292945574,0.06502536646012554,0.023533915353928767,7.409192371326063,2.760150966475722,0.936712173889194,0.01336451583908372,SLIC,206097,1.9479680061340332,200
215,0.3896782410637269,0.6635047502500259,0.8104392138192963,0.7444616867848886,0.060027003245043925,0.6960511913782941,0.3533590421226701,0.6522470709386597,0.29448495106577816,0.922636511421558,0.034184669871316256,0.0707647363135632,0.04133322243556132,7.287180400365317,4.355702771837152,0.9180900302829086,0.03351487693177186,SLIC,207038,1.9938876628875732,200
191,0.3358267634228504,0.6577448889430773,0.8052001158932562,0.8004257502985371,0.03130204330831602,0.760973975927247,0.2352013111288374,0.7309094038066002,0.18361971164188778,0.9282203020520778,0.02318555268954063,0.05979185800032209,0.02002070136679211,7.074851437782266,1.9538955395404352,0.9222337970197048,0.022617412953284302,SLIC,207049,2.122964859008789,200
207,0.47801537641460423,0.6457909957734215,0.8085693289931115,0.8169792164268005,0.02311602957906778,0.6476438439055262,0.10141433514593703,0.6476438439055261,0.10141433514593703,0.9330287461128582,0.010687820614463077,0.06331798151154701,0.01291447361143003,7.01078948095186,1.3511963091691277,0.9243103422793996,0.008061768359953092,SLIC,208078,1.9798259735107422,200
233,0.397940763475302,0.7177285742683687,0.8097353433145364,0.8232417650508346,0.052420477393333734,0.4700008419634588,0.23916163094316692,0.4700008419634588,0.23916163094316695,0.9468047486739074,0.03177378370516887,0.04714588368692746,0.017969264230668348,11.180606745801155,6.6023007945000085,0.9369639985060545,0.027447325873704867,SLIC,209021,1.9204490184783936,200
209,0.6501000522782565,0.7373281481144428,0.8446615666951273,0.8199189546894824,0.04302129999608884,0.7385746638083086,0.18620150569327004,0.7385746638083087,0.18620150569327007,0.9332873491751995,0.019737870726455824,0.10386396507570027,0.026640737366550264,4.58395325406333,1.1962178826413254,0.9292949234538027,0.02004892396427324,SLIC,217013,1.9011461734771729,200
208,0.40555204309187604,0.6826221965075415,0.7991886659558929,0.8163870776609473,0.017128566945504443,1.050355891477387,0.8071021570391285,0.7177518280322019,0.14545879837015563,0.902862028095673,0.057811824563671205,0.09242542558175855,0.0559921065799228,5.825247521769439,1.917893974237912,0.8978147991232099,0.05613136547251705,SLIC,217090,1.9711952209472656,200
205,0.38334760083088726,0.7061355950220684,0.8184800364084173,0.8149570304141047,0.019238952393957398,0.7995997435249771,0.16615695410385634,0.7995997435249771,0.1661569541038564,0.9360781342089753,0.013308437205210511,0.09561940650023551,0.02550482671058137,4.6262497288998485,1.063361685621776,0.9326234960697578,0.01183511596769329,SLIC,220003,1.990792989730835,200
229,0.49694630419281866,0.7178417998387221,0.8138981393810437,0.8346383862353162,0.01099228289016229,0.7168541654522963,0.4052249828541317,0.6331889042169416,0.26044042454234717,0.9333208118254848,0.04156202744567212,0.11208123140602767,0.06679016836428152,5.9856594984664815,2.590988862147307,0.9303611364651085,0.04115516584280107,SLIC,223004,1.910590648651123,200
198,0.5420629749941464,0.5897252724937245,0.8019353126011034,0.8433361131011518,0.022844075292581242,0.5147473138127344,0.1628087600035464,0.5147473138127343,0.16280876000354635,0.9614499474312558,0.013975126448810899,0.06555337988448418,0.012139453526576123,7.76807862636966,2.088224616014632,0.9576907794022999,0.01273726181416517,SLIC,223060,2.0085737705230713,200
214,0.5861995666851194,0.7597383792006939,0.8445238012399437,0.8579303298198436,0.02649062424032159,0.7357724367070162,0.21683286760884207,0.709578305839988,0.17046194525774644,0.9531544484815513,0.008145511731059481,0.11249582234765494,0.014153443693164257,4.686743464085343,0.7113148274546488,0.9512946782806596,0.0078050956093336545,SLIC,225022,1.910938024520874,200
216,0.5443184210726826,0.7047737600104916,0.822605233694323,0.776589208357258,0.0248165407986427,0.7049565741154525,0.20444853377729033,0.7049565741154528,0.2044485337772904,0.9297193671025447,0.028395511454833683,0.07760582928521861,0.022450074916726497,5.432304112198306,1.8905040937303832,0.9263479236999489,0.028871716248575385,SLIC,226022,1.903977870941162,200
204,0.4015775286591953,0.6593577741988459,0.8184509832515847,0.8701502078950345,0.008022266847802212,0.9192168444504892,0.17617449741423985,0.8772689296053782,0.11705690206144778,0.9245898666459414,0.009045178684249982,0.10590578131806586,0.011670621902929458,4.255558709428421,0.46409304428725817,0.9214789047723349,0.008488544060033515,SLIC,226033,1.9392645359039307,200
226,0.505569665566912,0.6907218220093448,0.8110860533716748,0.8200708691071771,0.01696618405561085,1.465092842662936,0.3129345276301903,1.0,0.0,0.8834774386176255,0.009395812019265629,0.1631402520783052,0.03559045042401557,2.9016549775417664,0.45601288926699707,0.8810953973226671,0.008830637161675729,SLIC,226043,1.9021413326263428,200
225,0.5427240065456808,0.712087067088507,0.8254809295825546,0.893620970773031,0.015588295291052141,1.0281906637046825,0.29953752474745793,0.8870581580861954,0.125502471280836,0.9330541900635358,0.01916749686602421,0.151940713071379,0.035509933400786675,3.477816932043105,0.8215209273548078,0.9313116251829537,0.018934736540549623,SLIC,226060,1.8948824405670166,200
205,0.6077805472899179,0.7186390365411753,0.8477968518591853,0.8355032665327705,0.042517513853124,0.6241332633855998,0.114762174013336,0.6241332633855998,0.11476217401333602,0.9535689535689535,0.014762525933404986,0.08330025950236605,0.0020383570067805633,5.653129543832284,0.9783490155475183,0.9504171557131059,0.015034958324621749,SLIC,228076,1.9083552360534668,200
218,0.5744448366772854,0.7281210655805554,0.8312325733269209,0.8904181058028724,0.008456978722178262,1.0383274719723317,0.21250529798079734,0.9260691316766083,0.09844220343095826,0.9311973368048134,0.009584476456962789,0.15834963413750633,0.02453193678061382,3.383319332424199,0.40041489373801686,0.928832683349094,0.008962169630545755,SLIC,230063,1.9131278991699219,200
215,0.4581521133809293,0.7414652505582593,0.8271947055085784,0.8707573061978013,0.02519090965215677,0.821370327912384,0.07409372094402011,0.8213703279123841,0.07409372094402016,0.9374019598318665,0.010753359195202719,0.0906005480537489,0.007862780130038629,5.025445990838409,0.4302030227517123,0.9340063898202029,0.01087901925178109,SLIC,230098,1.9286489486694336,200
211,0.4723653155487547,0.7245344343837151,0.8249387889308933,0.834188530553876,0.028558137275818758,1.4097350405761622,0.2878997149931039,0.9689369455724597,0.06945910128875614,0.8869879944646301,0.01690369332134389,0.1507454261712654,0.03158016118357669,2.906344959038614,0.6180386077782805,0.8849825689344208,0.01669674925478051,SLIC,23050,1.929253101348877,200
207,0.5030415626584166,0.6998889680515997,0.8229697166894593,0.8010870984520576,0.03489808496397913,0.3520313987603707,0.06357568676198194,0.3520313987603707,0.06357568676198193,0.9551505495430728,0.010000136074580388,0.04182102969218196,0.006020651016246526,8.971944991721836,1.2141302347978054,0.9455375967525503,0.008625991281318872,SLIC,232076,1.9755263328552246,200
214,0.5645345701189504,0.7192668612113611,0.814802102418912,0.852729928661106,0.04487957463311254,0.7984080413986956,0.14579772830626225,0.788158107784276,0.12842897787858557,0.9424433779573966,0.01086262224764079,0.12357271158384109,0.01965135023254485,4.146544911128007,0.9909120841468729,0.9405952149308513,0.010369379805555455,SLIC,235098,1.9691517353057861,200
214,0.46031872999295276,0.7323715476538802,0.8332613730164307,0.9000179184553196,0.020915480129608796,0.48189584264350616,0.15105651747468368,0.48189584264350627,0.15105651747468377,0.9663667981424992,0.010454521594641839,0.0800547963077726,0.009178212322912504,7.125936441277416,1.3232138995004497,0.9628776508527288,0.009173105692342087,SLIC,238025,1.982419729232788,200
220,0.5848801193550641,0.7637145619215304,0.8515269933067047,0.843658009398283,0.017288209847207674,1.2466331176611551,0.341029949306013,0.9778822676018937,0.027098225507795563,0.9022558144053472,0.02821545716683746,0.16107298814722396,0.03664704538299255,3.0114948843337856,0.6529983450691815,0.9002270672584032,0.028007248860705488,SLIC,243095,1.8861079216003418,200
216,0.48977769988893655,0.6934667630714103,0.8183742084836305,0.9047662831265734,0.03471312707592051,0.47087777928899427,0.11187096217563715,0.47087777928899427,0.11187096217563715,0.9634922485389775,0.016906982672660543,0.06481266898416377,0.01697669910841913,8.802640396736521,2.2276306044415066,0.9587538166152788,0.01661797097456631,SLIC,246009,1.9344122409820557,200
218,0.48738747110659864,0.7191233861499211,0.8249595812118312,0.8656330584997877,0.04485028479802421,0.5414887209279733,0.17104958081188798,0.5414887209279732,0.17104958081188792,0.9598111411195523,0.015591121350605185,0.06513054830287206,0.018900407547183334,7.498803076420574,2.716573651564068,0.9549379881155572,0.013234256471616876,SLIC,247003,1.9329967498779297,200
213,0.44777073602605344,0.719871307796546,0.8199514407162238,0.8980361942427463,0.01878609035906071,0.6234337860506085,0.2137096563265746,0.615361299473449,0.19799286743455088,0.9521078231358604,0.01608926647250925,0.09272567351858488,0.01860028876317802,5.586265640349289,1.0925290935254341,0.9476362395988567,0.014907159261533678,SLIC,247012,1.900583267211914,200
215,0.46498015332302073,0.7417459185114075,0.8412492071231835,0.8704990829044257,0.03581424465612439,0.9024077996040613,0.3851440304433975,0.7790677089742509,0.23750692226944062,0.9266315200894639,0.024651184056174336,0.10943968475349226,0.02929553975757378,5.224825201068403,1.817380727032202,0.9234021548344894,0.022939040686293523,SLIC,249021,1.935492753982544,200
233,0.45207615567517523,0.6628705918633415,0.7962951297267614,0.8926809948271863,0.019523983197110878,0.6459452982817468,0.4815833709608398,0.5356662197783694,0.284366031308465,0.9520948698518792,0.036202180625988185,0.08264822253767858,0.07366968395464228,10.002170026906906,4.985603927121689,0.9475379045472501,0.03456501652841607,SLIC,250047,1.9318816661834717,200
222,0.5027511303195603,0.7218903813656086,0.8257125155009342,0.8749935052433454,0.03944199360120583,0.7779120601550509,0.11377818563856712,0.7779120601550508,0.11377818563856727,0.9464252174532548,0.011105664043821743,0.10041751626371494,0.00983131673965548,4.9791301164220565,0.736753367130341,0.944634002753161,0.011060013716931154,SLIC,250087,1.908604383468628,200
210,0.4145676520003341,0.7088548546627584,0.8203409739001161,0.8288879163696908,0.04148177627812317,1.2992467665364862,0.3460235638591921,1.0,0.0,0.9040498442367602,0.028935199714309214,0.15034070455129853,0.0299264380274181,3.0730998118929436,0.532342263163821,0.90175733449641,0.029051420959055215,SLIC,253016,1.949317216873169,200
231,0.510718461433657,0.7148760462041907,0.8097015596525025,0.8755505294180338,0.016515678025298942,0.4346875991735805,0.12161069616867157,0.4346875991735805,0.12161069616867157,0.9605365250225064,0.010803919752068795,0.059588950568332,0.018483200517004566,8.368952932419841,2.208701325340422,0.9472821530846725,0.004316551515016659,SLIC,253092,1.9147803783416748,200
221,0.5207373877514773,0.7472070567304617,0.8471524484864164,0.8675464131577533,0.036808141778176165,0.501323177958692,0.2600892182512088,0.501323177958692,0.2600892182512088,0.9527671452905098,0.028213455452040515,0.07812782483511332,0.029489048893942094,6.848329314768914,2.1965561237191116,0.9503440498206851,0.028068177623516422,SLIC,257098,1.928307056427002,200
234,0.44184305326658013,0.6774667954921537,0.7998284776079064,0.8506387856582709,0.025240359129374,1.0024183781193128,0.29372134273433065,0.8699516194843298,0.1598934868896404,0.9149811205885972,0.02028266841514505,0.12242934455802765,0.03804260256137476,4.28438873214223,1.4646425279706043,0.9127001564947662,0.019911547871832726,SLIC,258089,1.9307622909545898,200
191,0.441662813274843,0.6959628034329118,0.8103774763481981,0.8383370189368955,0.05659886469943758,0.920645591673629,0.4217844815917881,0.7735014669594109,0.15697362317719502,0.9185225484290905,0.05076306722663425,0.0936401645195282,0.01170125099256468,5.017731252923129,1.2604873458805983,0.9149469317598575,0.050473387298834126,SLIC,259060,1.9916768074035645,200
184,0.5445156305355847,0.6462015424501728,0.8054691864993782,0.7600917371925298,0.03001251182832441,0.9179228113807554,0.27288507928801903,0.8447095549899288,0.21715712046208438,0.9077091469614835,0.027030659444973716,0.10704246810131404,0.037951456700222194,3.881543054366343,1.8499041236195126,0.9025095433870737,0.025512355149599677,SLIC,267036,2.0009024143218994,200
217,0.3894863719453069,0.681466680090352,0.8076985401926057,0.8875833485276855,0.032605916668891344,0.49122997908044636,0.21911338922484283,0.4912299790804463,0.21911338922484278,0.9565391415858704,0.02344968228114256,0.058021487204249156,0.022602945065693804,10.936289645734403,7.90446162690906,0.953249320898116,0.02334335440081025,SLIC,268048,1.9656126499176025,200
208,0.3601456234319996,0.6272792530275609,0.794129278080791,0.7701106079121808,0.03121914747433773,0.698648324816549,0.23750272680548518,0.689755895363372,0.22488574078013787,0.9211145005537528,0.03261623737126607,0.06194153011906165,0.02078197132219932,6.63029006046729,2.4532032415581164,0.9163177036739224,0.0319603527074959,SLIC,268074,2.014716863632202,200
200,0.3820780930980848,0.6707972302313915,0.8082667970467305,0.8336025684793716,0.018392768621412113,1.1687398397678772,0.22262895211941297,0.97323851529459,0.052505643458069545,0.9124681834962208,0.01934439370480814,0.11650413299897835,0.015142153367584885,3.7612043321614896,0.21265296170315665,0.909516396804578,0.019387982106375223,SLIC,277053,2.003955841064453,200
217,0.6129538201289156,0.7728695523665983,0.8500480009315587,0.8725272927415967,0.014308931013374035,0.511979844690125,0.08602601701585627,0.511979844690125,0.08602601701585627,0.9565715247958237,0.0025223426707313254,0.08140837754609875,0.0192062218406961,5.99153765492338,0.5867898156621523,0.9533026654186489,0.0021583610438824733,SLIC,279005,1.9155168533325195,200
217,0.5398338157155476,0.766054237184938,0.8570294990983213,0.8513537517058495,0.05782840902593141,0.5865246986742313,0.14609973214146302,0.5865246986742314,0.14609973214146288,0.9488787853273833,0.0250374641763052,0.08811303618834708,0.012217419136706632,5.572409294911242,1.5693835734238497,0.9454148373467116,0.025438323122156475,SLIC,28083,1.899728536605835,200
215,0.5760542789279013,0.7481421403115378,0.8375254571023435,0.8839770055802095,0.02551291854974406,0.6792261708149558,0.14231192059864314,0.679226170814956,0.14231192059864295,0.951486065504757,0.010683788690279175,0.10126471553012355,0.01837662299076669,4.926094622812478,0.7333437335481106,0.9493089495606768,0.010402005434561844,SLIC,281017,1.91087007522583,200
213,0.6377949092048922,0.7405126216094597,0.8438081173210427,0.8379400384523281,0.03432781163757876,0.5527826892312874,0.12479162200321867,0.5527826892312874,0.12479162200321868,0.9447801503876271,0.019464005104578238,0.0825693067382091,0.016892674779617072,5.320654334758298,1.9675150926030145,0.9394081773754663,0.019498440988619966,SLIC,285022,1.8930509090423584,200
209,0.5166589947131671,0.702898600675236,0.8266094146178108,0.7854827373349548,0.014935663317115246,1.2327484925615768,0.4681396917337299,0.8898258430968712,0.1982541940877834,0.8679606997364007,0.035717088216820785,0.15671148936170215,0.058047556931632355,3.2576242471131946,1.4715334712553079,0.8640887295572812,0.034040163473884444,SLIC,288024,1.9265050888061523,200
218,0.5319450418941556,0.7588945401490921,0.8469802659125115,0.7610403675208864,0.09399817395167545,0.7131003037545093,0.13861493739705208,0.7131003037545095,0.1386149373970522,0.930753039164254,0.026437508348675472,0.07677745356202406,0.008237016977095656,4.8960044558955635,1.6322163423612914,0.927833900290271,0.027447252952553163,SLIC,289011,1.9386310577392578,200
209,0.46066220149403414,0.7549534724319635,0.8360301520132076,0.8770437151678381,0.035349186746965196,1.1477050019106092,0.36702299818978096,0.9165588305775222,0.16688233884495565,0.9302841302841303,0.027768593705574936,0.13176224672128384,0.028794096084251052,4.133965448582987,1.3348375538988546,0.9283257173442816,0.02721580468086041,SLIC,290035,1.913555383682251,200
211,0.498797170965043,0.7585339979864759,0.8430926488763059,0.869552385844112,0.03497945893572679,0.6067458544094059,0.18402353372695365,0.6067458544094059,0.1840235337269537,0.9379721202151107,0.0180991462598045,0.09758733496903844,0.023474331688496112,5.271509286382861,1.4798569732763158,0.9342897416525501,0.017415076700546348,SLIC,29030,1.9238183498382568,200
218,0.5048188859240083,0.7560590081325681,0.8443631484539594,0.8743025497611733,0.028012534739717276,0.619222673428281,0.12649255189779846,0.619222673428281,0.12649255189779848,0.9560171242414233,0.011633288021726921,0.092603711790393,0.012756279858974099,5.415689864656808,0.7736922114246637,0.9529671518456565,0.011249316390447198,SLIC,296028,1.9379081726074219,200
181,0.3892566618912573,0.6220765740594231,0.7922843908349971,0.7461736396473795,0.02988988338280433,1.0957441985479368,0.35161450149462425,0.9091093969598643,0.14477155775051637,0.8812714943556065,0.04351395656379245,0.07926825255815484,0.023097230646188193,4.664998317149294,1.540722869116393,0.87547478668974,0.04294756041318502,SLIC,296058,2.086308479309082,200
232,0.5292292452861085,0.709215561816062,0.8192318978290153,0.8542042643810565,0.016776095998217718,0.3440988076502095,0.07258596799533559,0.3440988076502095,0.0725859679953356,0.9661530689568073,0.006151673987795398,0.045924202127659575,0.008829141342372678,9.786387890987491,2.794489989725439,0.961094318664412,0.0034340336259967128,SLIC,302022,1.9426376819610596,200
213,0.4400140648434023,0.7209054868457626,0.8230560134843476,0.7517729004810962,0.007691555134916084,0.5818097033050303,0.16567873423155038,0.5818097033050305,0.1656787342315504,0.9270676139835019,0.01550827446711682,0.0765826873385013,0.02454067680670264,5.190908170547023,1.1179545315412076,0.9201308491633688,0.012263847254825275,SLIC,306051,1.9390170574188232,200
204,0.41454983810453827,0.7486257042245495,0.8407500923644392,0.8147620024895301,0.03275676355753823,0.3126443481583669,0.07406527285372101,0.31264434815836684,0.07406527285372101,0.9697799884715772,0.007095161744171906,0.035990933280772644,0.004145073703862935,11.18508679730473,1.9031348689791108,0.9623039080982998,0.008813661023194964,SLIC,306052,1.9626538753509521,200
218,0.5845727788497217,0.7689669948893687,0.8511293982197982,0.920119439183812,0.057865046700904886,0.3189972862870059,0.1916399629098347,0.31899728628700597,0.19163996290983482,0.9785331701219552,0.025456188132503076,0.06427975545677538,0.023936907632243445,10.68612499745164,3.425495287497906,0.9736115069058991,0.025465218256608232,SLIC,3063,1.8617703914642334,200
219,0.4409319167725606,0.6970286062956059,0.8166157001121268,0.8732459024590165,0.00532755243634187,1.2848815746012008,0.2494438619867721,0.9694691096560255,0.061061780687949,0.9138891587489717,0.014973044140942226,0.16154335113145182,0.03467608038560605,3.2521468839966152,0.789107719541819,0.9120081843643918,0.014790643160693857,SLIC,309040,1.9130308628082275,200
204,0.3634456455018303,0.7089755937463471,0.8289309056065923,0.7913337185658496,0.03299862869217857,0.4506900862041049,0.10391203740707641,0.4506900862041049,0.1039120374070764,0.9411480495592646,0.015675765645815194,0.04201838759595837,0.0036803120507578574,8.768136851561092,1.3869455582577699,0.9353437577736644,0.016207335197979126,SLIC,317043,1.9849631786346436,200
216,0.44621424656258485,0.6989883395953542,0.8177328503824906,0.8546458121941827,0.01722073996791339,0.5751037881879004,0.1324616857815548,0.5751037881879004,0.13246168578155482,0.9536376059740546,0.008762637256633635,0.07149811054890157,0.014967784509517412,6.660325851633519,1.403360189527517,0.9478250572643097,0.007188222733902377,SLIC,326025,1.934422254562378,200
211,0.4422102134087151,0.6884600229847293,0.8278802265167566,0.902153380378012,0.0039393066371510915,0.4303858135633837,0.07383945166262307,0.43038581356338357,0.07383945166262304,0.9663020317225925,0.0045738465773221375,0.05062648589603547,0.00954603452404209,9.820244750878036,1.438248501980482,0.9612811049726936,0.004098169598367929,SLIC,326085,1.9428584575653076,200
201,0.43005891969023724,0.650540990794393,0.8133768887186078,0.8202913666541998,0.013299101853818869,0.5249901231209642,0.17419308113528995,0.5249901231209642,0.17419308113528997,0.9423021871620003,0.02084203341683539,0.053980210660708586,0.015279607410310128,9.657505172307316,4.6680790567687,0.9334618007515205,0.021200211979852265,SLIC,33044,2.008394241333008,200
217,0.5668457803178792,0.7540095034845423,0.8373881143037698,0.8828508070450553,0.03533968551334781,0.48861946058207745,0.24544633759678586,0.4846935360954052,0.23689814624587752,0.9538701174215194,0.02953119138779842,0.08047767393561786,0.028869017713096367,6.98908152311008,2.2307462945018997,0.9494481319948612,0.02951982320655065,SLIC,334025,1.9166333675384521,200
222,0.3780020908352343,0.6575170054483334,0.8020937570876487,0.7943412246904391,0.024701533202124325,1.0465411493448877,0.36019865212439045,0.861493125044527,0.16995989160877872,0.873845376649115,0.03081225669596992,0.09976907978293499,0.02485461942980297,4.289245244281707,1.2081755154849037,0.8661525204567116,0.026451393562830442,SLIC,335088,1.9519188404083252,200
206,0.4904414716942477,0.6670644697301369,0.8043257741869099,0.8064753962709288,0.02948235540412956,0.9504964346085842,0.3626497713644394,0.8362769671180885,0.20476765953643425,0.9231429848252279,0.029951897456431387,0.13539794400982738,0.03898519727312646,4.081774250727141,1.8612207763674404,0.9196215282202568,0.029124124903963742,SLIC,335094,2.00986909866333,200
211,0.3732167927608777,0.7029787811825924,0.8189620375570139,0.9004300993366916,0.027569374231587288,0.6961483410081541,0.2444335020253204,0.6933478410113925,0.24082941467130992,0.958445864987921,0.018027169130882027,0.0872765321375187,0.024052404908431052,6.75968529594179,2.18588177562128,0.9566395543019478,0.01791457750982324,SLIC,344010,1.9833931922912598,200
157,0.3277493621692256,0.6367001652381796,0.7986182055613661,0.7616314654895648,0.028748763692606344,0.7505612010284908,0.2029485479334604,0.739505573150433,0.18692069597044142,0.9278515035524382,0.02667024469865016,0.05691397667737029,0.009113703910715669,6.745698516852644,1.6625320513376503,0.9217326338821665,0.025517430307044713,SLIC,346016,2.120224714279175,200
202,0.6051593494313608,0.7235589004853712,0.8363313483345015,0.7293775239041194,0.023021638083418124,0.5927759535236171,0.09275733490297888,0.5927759535236172,0.09275733490297908,0.9315742773686699,0.004768738787197663,0.06566463483890508,0.01341543867440041,4.512465895537038,0.9663154840018201,0.9260610196070302,0.005574212422290101,SLIC,347031,1.9282152652740479,200
217,0.6363269048531119,0.7555265225151732,0.8460307695282843,0.7428809349674135,0.027211241325250074,0.6038691459252207,0.06816191120784773,0.6038691459252207,0.06816191120784769,0.9181637424628079,0.009932113767074039,0.06827924066135946,0.012912353661635605,4.597512649046851,0.6637235518754504,0.9113081462147938,0.008868001685132488,SLIC,35028,1.8902149200439453,200
218,0.659200072363419,0.7345733741697739,0.8256800834830015,0.8478503519068997,0.03455976156596163,0.5587360185491027,0.11890689977589282,0.5587360185491027,0.11890689977589285,0.9539782773427634,0.008518630870152484,0.07506040059231549,0.01863503445288364,5.552512765372562,0.6855137326779782,0.9490582660937257,0.008399664663806329,SLIC,35049,1.905548095703125,200
214,0.5078368352960939,0.7791413064911299,0.856335560051988,0.9038156221145711,0.022975596572367703,0.5706979445297203,0.1000295998921353,0.5706979445297203,0.10002959989213536,0.9598955533534973,0.011899716778701788,0.09911666264104069,0.011991243398838987,5.707069248970302,0.8529968866109496,0.9563491729199852,0.01268929499426506,SLIC,36046,1.916088581085205,200
227,0.3731748358361589,0.6505295632193939,0.8046786352041055,0.8846802045398321,0.009020521371755966,0.9658950827175126,0.17922374916194336,0.910126877416597,0.0992364921281578,0.9263648983275151,0.01626236598742803,0.10558799857749827,0.02043429167428763,4.859573831804654,0.8771148620657676,0.9228741181064444,0.01563731064125415,SLIC,365072,1.9741291999816895,200
211,0.49542075445507366,0.7043338905363723,0.8316966237278614,0.8644788947172728,0.011694094421157998,0.9105014432117237,0.20591238794339367,0.8691081448090795,0.16757352073160622,0.9285863865303116,0.017959048824729356,0.12268180024603674,0.023834829659491543,3.9727760506237098,1.0692509087452846,0.9259490600250634,0.01757865050138906,SLIC,368037,1.908177375793457,200
212,0.5389762910322335,0.7612507620794376,0.8445894670488414,0.9021651194164904,0.04042210776424569,0.5202518118405969,0.06901816227890088,0.5202518118405969,0.06901816227890091,0.9782268249557969,0.006936809996748956,0.07658749735710761,0.014228538426324594,7.778908272232533,1.092347529906571,0.9762898912898914,0.006942778597908845,SLIC,372019,1.9386944770812988,200
228,0.43475169434124633,0.6938935387639601,0.8126982550975399,0.8914723847365295,0.019608468764592785,0.725085977422426,0.47518964415043724,0.6039662955550805,0.2377401073596007,0.9477971861149431,0.03401247424183661,0.09466603308485046,0.05672799392058494,7.57133816595029,3.390210449806059,0.9434631694038966,0.032336669326260184,SLIC,376086,1.9271938800811768,200
214,0.5069719232024925,0.7361053647729702,0.8271144764180561,0.9339354475942985,0.007530856615052745,0.5238437574886173,0.11953993014007276,0.5238437574886172,0.11953993014007272,0.9715558837054165,0.006978741360028478,0.09725739101386337,0.028398059143892148,6.460818710943014,1.398236064503068,0.9686267992342762,0.006221236660566086,SLIC,384022,1.9655427932739258,200
220,0.5669196125947105,0.7336014141584267,0.838222043896299,0.8458596251888812,0.04084775889694733,0.7773460016450671,0.18606809329364174,0.7773460016450671,0.18606809329364174,0.9404446862390788,0.02397383378103583,0.10981243549133357,0.029714196383106004,4.102597175093601,0.723049704372928,0.9378263608225126,0.02481637527761464,SLIC,384089,1.9324402809143066,200
192,0.38330260436415037,0.6431240025903944,0.8110183790578801,0.8455293202850512,0.021204121452445723,0.6129662372653027,0.178696422606319,0.6129662372653026,0.17869642260631896,0.9448073522839879,0.011213062033837266,0.07338438550616362,0.022542125684775868,6.744616306839771,1.9786114684409613,0.940068407988969,0.009386579053417965,SLIC,385022,2.0106959342956543,200
204,0.524791059784275,0.7677019522183841,0.8421415082663636,0.874114581087959,0.03669820919217461,0.44473416622949336,0.09430081469670143,0.44473416622949336,0.0943008146967014,0.9686647107207854,0.008839604574666147,0.0690057631664794,0.016387452865016822,7.363823834700921,3.134968930187102,0.9658623854885541,0.008413133926313666,SLIC,388006,1.9207658767700195,200
211,0.4770839591386201,0.7130120298543229,0.8274004406730251,0.890044212857022,0.033984331692361744,1.3744859165419914,0.6049635456633718,0.9702035608577665,0.05959287828446703,0.9219422154001593,0.03612026603674653,0.2029819246349185,0.06358595366074356,3.118472826857107,0.9407640032073787,0.9205191982520322,0.03595515977230013,SLIC,388018,1.9199974536895752,200
204,0.5106899916588845,0.711306662764664,0.8308536464713837,0.8783003423742958,0.013916234118038771,1.5005084163962668,0.20565469141435835,1.0,0.0,0.9027389718978505,0.00970744579128988,0.21321673598521204,0.040445582102827664,2.574613885453429,0.3398849058234988,0.9010710470348166,0.009612216575786014,SLIC,388067,1.9319374561309814,200
218,0.5569748000891288,0.74203670598145,0.8341866251850422,0.8243109860165743,0.035002506329414144,0.7964564132788432,0.17427362552421127,0.784208003834172,0.15599667123335537,0.9313443565780014,0.010933521105260977,0.10460581850174178,0.025129169481861606,4.092879133148414,0.9660659872630775,0.9286937526092428,0.010073742173514219,SLIC,393035,1.93794584274292,200
219,0.48978555001370155,0.7543095119676287,0.8418634160587019,0.782754621311603,0.03398107388232504,0.4060724995304435,0.16737072601621356,0.4060724995304434,0.16737072601621347,0.9491726089856931,0.02465079145108212,0.06326322238104962,0.018289165924584853,7.094023384260287,2.4869708383542797,0.9396113638385379,0.023823861992385988,SLIC,41006,1.9049794673919678,200
211,0.4962574886594792,0.7461604523212456,0.8421178265239103,0.828260065582834,0.039815189044002136,0.5897597813485665,0.05360284804971508,0.5897597813485663,0.053602848049715046,0.9503198381703054,0.009646943690690732,0.07119082411337647,0.007212512959389282,5.423096211428551,0.6981235938055864,0.9452568252412492,0.00997891395424385,SLIC,41029,1.9524781703948975,200
203,0.41610785757520447,0.7113635088126011,0.8198810526927544,0.8450391316354955,0.01742248617177628,0.6571745001651544,0.18846441237891098,0.6571745001651543,0.18846441237891087,0.9358397937837191,0.01745404409023227,0.07500482780817509,0.024151659399010737,5.884603640657855,1.8165455925346055,0.9315751575780332,0.01691605544802354,SLIC,41085,1.9812099933624268,200
202,0.5522009398211044,0.6993691426495495,0.821659652808773,0.87331124161869,0.020962384543333854,0.28529715912893483,0.031166202306965755,0.28529715912893483,0.031166202306965752,0.9699030446693998,0.0015510487104479324,0.04791084354619079,0.0036718359710354864,11.199694821721303,0.7485750726264734,0.9572816166274113,0.0032637537160310377,SLIC,41096,1.9477486610412598,200
219,0.4088206215528263,0.7267120093704172,0.8341148113069388,0.7472015512004324,0.05331760768182655,0.34213832811963657,0.15209696674114326,0.34213832811963657,0.15209696674114326,0.9562783488017131,0.024039080738234988,0.02732543225078241,0.016683058553391066,15.581452092626689,7.519426487309995,0.946427376333918,0.025107183985896894,SLIC,43033,1.9473695755004883,200
216,0.660186433499992,0.8072575762785646,0.8638985766191994,0.9020423013736227,0.01814455100382783,0.22612159247673266,0.028843361816366965,0.22612159247673266,0.02884336181636696,0.9810571175057156,0.004694141080620421,0.03998626688029298,0.009877974702570756,12.750960932596469,1.849067264387768,0.9668238331789738,0.0011777107781387284,SLIC,43051,1.871497392654419,200
216,0.34070675633857544,0.6820245544529425,0.8047450673375938,0.7192275050806199,0.017449420924322938,0.9065122635216094,0.23028511429222168,0.8396746135063893,0.15762692048282773,0.9006457212064689,0.030157711751355853,0.07113005918155554,0.017195457702444357,4.521128012419142,1.068955426109699,0.8976896888120358,0.030674257007304244,SLIC,45000,1.9764759540557861,200
221,0.44792971350997035,0.6101578238002732,0.7842613740131993,0.8747747473317199,0.03773968924192558,0.44833388384790246,0.11655370313276434,0.44833388384790257,0.11655370313276435,0.9624821082765008,0.016296150411498452,0.04046145018572766,0.010820813179417924,12.257715219104558,4.156429058839307,0.9582254309357113,0.016809721728217954,SLIC,48017,1.9809606075286865,200
206,0.4170369320893008,0.7489468145356426,0.8302948665940509,0.810690745369062,0.03943512814047664,0.7417736931755623,0.10851265894885759,0.7417736931755623,0.10851265894885753,0.9286610838012708,0.010008010493325082,0.10791180285343709,0.01615511738787799,4.3674443174409,0.5171778355885103,0.9259453897988082,0.010493727545370866,SLIC,48025,1.9372994899749756,200
214,0.607316933397118,0.781903604607455,0.8578223992380625,0.7639605740151849,0.030916493657509713,0.3811749923899456,0.040196232633057084,0.3811749923899456,0.040196232633057084,0.9623176015699381,0.0027537761716747047,0.04703013677753648,0.009823390123622827,7.553186080787626,0.8546218646220061,0.9546265460284158,0.00206286469115493,SLIC,49024,1.8794481754302979,200
216,0.4779635552699584,0.7016574519321649,0.8211505780447903,0.797629118842134,0.023698574697104652,0.9565261883018893,0.1437378021371908,0.9197686543480936,0.09846169302396718,0.9017143671349277,0.016263871527280545,0.11394411955815464,0.010833901223970294,3.9683614134097085,0.6170327313239231,0.8960044559733037,0.015527421752647088,SLIC,5096,1.9402275085449219,200
214,0.4588486018448903,0.7294275099322202,0.8334645301646203,0.8969107762267583,0.015704451509356187,1.0785461234059366,0.16945868206091497,0.9561790402911898,0.08764191941762034,0.9376998853634368,0.010097547565080056,0.13419797451813134,0.0173371288384852,3.6517317416780104,0.340362010963382,0.9359040459468553,0.00998343395828245,SLIC,51084,1.9155094623565674,200
211,0.42181508939202356,0.6777777648018731,0.8168903692412106,0.817778261234,0.018283975655121968,0.990501356856497,0.24868681964546996,0.8822714878789645,0.10737383791590781,0.9047687514977236,0.018155185956888045,0.09107331305481407,0.013873272136841643,4.807358774536965,0.8617843693476313,0.9007196853716349,0.016816730207307527,SLIC,6046,2.0144360065460205,200
221,0.4371782272373754,0.6897348648504378,0.8079433987681766,0.8100491239695827,0.031568179853728416,0.8310762235995881,0.28320085017139474,0.7606129493979962,0.16311480226885336,0.9210290088794763,0.03877363150538734,0.0915072732900031,0.019815725091055635,5.111077195564762,1.201134472551109,0.9180360731489117,0.03861043435713583,SLIC,61034,1.9235963821411133,200
218,0.5504118847310947,0.8055158969394987,0.8678994770414558,0.7946480913675946,0.04847059312661077,0.7223644924579504,0.22514046868507606,0.7048425852164171,0.19777947319991177,0.9291623758913479,0.02117742638536267,0.09193618564176939,0.018842672302132452,4.523816893531597,0.8482579935975084,0.9248607953782024,0.02055983095811882,SLIC,64061,1.9034605026245117,200
219,0.5411087191757824,0.7247575287125206,0.8294963244465313,0.9092324290722271,0.019553840580089982,0.8673156261941308,0.3193768633866221,0.7951476998205969,0.22715899948023505,0.9466648532069094,0.018731373080918243,0.14025061233183062,0.036379653143756255,4.316887537323362,1.2853636558061172,0.9445038767197291,0.018147216955127284,SLIC,65084,1.9026646614074707,200
221,0.45406159128193607,0.7263936247151608,0.811504756926866,0.8579812200272592,0.02205327626669536,0.49488410049157716,0.03874772557604242,0.49488410049157716,0.03874772557604241,0.9509200069947733,0.0061016278857584,0.06595718351689148,0.008814296502658605,6.510262824953688,0.5195292720301508,0.9445927754806261,0.006793007145185433,SLIC,69000,1.9334557056427002,200
188,0.5423472344953041,0.6230998949099921,0.816004649155556,0.86654440758814,0.02883415649464978,0.9052540138988738,0.27476196798249086,0.8486117317893018,0.22578891076533814,0.9181247206948142,0.025520001108239657,0.12873810200312544,0.029052806199704215,4.269898886675508,0.9607985376516462,0.9132478828798922,0.024621353938221763,SLIC,69007,1.9689321517944336,200
228,0.4147922386957624,0.6805752372595919,0.8094286583073076,0.787115533780204,0.021795345994434754,0.3750170011852255,0.10118238109406077,0.3750170011852255,0.10118238109406077,0.9475391998756486,0.011397171255926104,0.036172695449241545,0.009529297899552171,10.179666745429817,2.3625863807217313,0.9222916662168996,0.007892655136933352,SLIC,69022,1.9188013076782227,200
217,0.6319654986110713,0.7619331335929639,0.8515415937794215,0.846660381159608,0.07827238295947161,0.421723304900875,0.565848122803626,0.3072583726789334,0.30997378550495547,0.9622638454414156,0.06256929565643368,0.05162405340510304,0.040315027080809966,13.183633987216202,5.080252540965949,0.9570789876864647,0.061630916898304015,SLIC,70011,1.8715860843658447,200
214,0.4871617730176631,0.7005380562923328,0.8248108429996192,0.865614804752581,0.02620283107888876,0.4059677938182611,0.04354748697883774,0.4059677938182611,0.043547486978837736,0.9654913720334282,0.004863247199943861,0.052188215420861946,0.002601208659615461,8.863195026647201,0.9484423314101792,0.957813064939233,0.005031987142632284,SLIC,70090,1.9373085498809814,200
217,0.49563671924923736,0.7113425249019756,0.8361343054149724,0.829887189963937,0.013458310723553486,0.9350056022953218,0.1144423634813695,0.9141585870557833,0.08820197216586738,0.9265082480035751,0.006066499317141512,0.12106749311294766,0.010789208807444967,3.906480033917744,0.41148381996559075,0.9239606598875045,0.005954479158277777,SLIC,71076,1.9201135635375977,200
201,0.4873761682362393,0.7085711600621378,0.8404254597300954,0.7153508736587876,0.015414940984416666,0.9404680021502451,0.3384746619945298,0.8246980265671855,0.1757724385023764,0.9131883860855824,0.013099510392273434,0.07988507667123242,0.02286659365465247,4.454085074287214,1.1902549938773113,0.9090950815249881,0.01111721443183925,SLIC,71099,1.95735764503479,200
196,0.37753869807389673,0.6240420408916006,0.7913574132544365,0.785092715585104,0.07349655621929453,0.7971305237660378,0.47966153686531987,0.6687505262271618,0.30677792025161293,0.9219605119137829,0.04462632525814615,0.059894031821897994,0.023987615215158492,8.252579878249833,5.182563652558713,0.9146567327672834,0.04261657258648665,SLIC,77062,2.0288333892822266,200
190,0.39176864159459424,0.6637573624668371,0.7939249093410008,0.7642119406193805,0.01558566339690194,0.9296032193228454,0.17017884616540355,0.8886470942545709,0.11357630554365207,0.8995796659348061,0.01788961499842684,0.09067026710206816,0.011201175589529086,4.461669433308937,0.4248854473293253,0.894794048809398,0.017412156059200285,SLIC,78098,1.9901914596557617,200
205,0.3681643568967665,0.6666225973918565,0.8123273054716872,0.808163346657591,0.019924631201115456,0.965356441991956,0.3743827389458143,0.8442848723222556,0.12983487704209745,0.9033907071290249,0.02396442277959132,0.10705883366799095,0.03707311944635299,4.266551467694449,0.9587019692982094,0.8977120503001167,0.022451934580028164,SLIC,79073,2.053755760192871,200
213,0.6470759204233145,0.7837352522236263,0.8571975972155076,0.9246310680116839,0.01731176926607669,0.7375351627688076,0.08734864997229544,0.7375351627688076,0.0873486499722954,0.9608022832321897,0.009192865285222741,0.11585357952704893,0.00673035381425914,4.844167181471408,0.7496910190431263,0.9590182401705167,0.009394042648558957,SLIC,80085,1.8823904991149902,200
211,0.49425462575200924,0.762624754908211,0.8389555251264621,0.898308875286005,0.03890040772375081,0.6111650831276999,0.17351676022763793,0.6111650831276999,0.173516760227638,0.9583109349464488,0.011622520925148783,0.08454391891891892,0.019668592316419604,6.385491940225665,1.4847241606409025,0.954717603151733,0.010145965801823873,SLIC,80090,1.9115872383117676,200
217,0.525730901857265,0.7577267521286392,0.8423417523560855,0.9078800765806962,0.012070193322665124,0.39901814107421585,0.07422944144852392,0.39901814107421585,0.07422944144852393,0.9775377102479906,0.004706756073597521,0.07270725076568361,0.016388539318431858,7.758023610226788,2.1591101452187664,0.9721213125418737,0.00318520104649754,SLIC,8068,1.8900845050811768,200
217,0.4424475616595581,0.7491538336203707,0.8362700839772582,0.8357935268485998,0.008953205569302626,0.5818019313346416,0.07225833764347654,0.5818019313346416,0.07225833764347653,0.9459718525139087,0.0036960579198282023,0.08389655914639771,0.009762302085751736,5.447730257693308,0.24708195609456898,0.9435892251620313,0.003968940694101372,SLIC,81066,1.902299404144287,200
217,0.49405019294188385,0.7166364462914006,0.81750351516269,0.8113191599061107,0.04475422317390416,1.2124753078024106,0.5740430180223477,0.857396001321235,0.19616904095249843,0.9144629892293444,0.0396101810729994,0.13762907069102465,0.03310728923765208,3.4371121166219085,1.075025049755096,0.91294731763643,0.0393573983915444,SLIC,81090,1.9642069339752197,200
219,0.5015650167425266,0.7574655698857778,0.8332321006971654,0.8729975292336416,0.03973627707268737,0.7288553830609905,0.1429120568918602,0.7288553830609905,0.14291205689186018,0.9438410372989813,0.012237280064639323,0.10595774506858917,0.018154294017512118,5.048277988691602,1.0354333470837118,0.941749431020163,0.012030468712191496,SLIC,81095,1.9051580429077148,200
195,0.3924930552916842,0.7112681644050324,0.8287762623360064,0.8896359653385957,0.06586716181560821,0.5100135361817605,0.11290095891120101,0.5100135361817605,0.11290095891120104,0.9625909158619439,0.014682165988797761,0.061087729600991805,0.011849459963790714,7.704732776079834,1.2683044246995951,0.9552203657811139,0.013190483990030272,SLIC,87015,2.01035737991333,200
207,0.4280135873764729,0.6907068455939019,0.8213809793025189,0.7429137422508709,0.05555914124473151,0.9895363371998886,0.1927510319159631,0.9235548992558339,0.14254636263727688,0.9199914508325724,0.02111156551767977,0.1011531704200607,0.019935841934143068,3.998269972326092,0.8584324865964877,0.9171531597868858,0.02187021159402498,SLIC,92014,1.9665679931640625,200
209,0.350028926100017,0.7114269374095691,0.8262501962446062,0.7282941985735929,0.019421982964365113,0.887561609056936,0.23597602132541073,0.8492315464278081,0.2043173372621422,0.8943828084015,0.025754651568023555,0.0678976601276294,0.021539114201644238,5.347964678841384,2.397312899681277,0.8896895393499967,0.02546635436545672,SLIC,94095,1.976449728012085,200
179,0.5352260578364711,0.5579991655044224,0.794177237919649,0.8945549787586075,0.025879665938493307,0.6841121495327103,0.10904648079446774,0.6841121495327102,0.10904648079446776,0.95980595980596,0.005590531422117489,0.0839250009431471,0.022134385235157678,5.881412875544757,1.3581717730305767,0.9572564802874689,0.0050677370974967295,SLIC,97010,2.0089871883392334,200
216,0.5869336513719808,0.7274671993752313,0.8181334210258933,0.8519135525386243,0.02659546874848228,0.44311371040343006,0.1426919840768296,0.44311371040343,0.14269198407682954,0.9588344635073607,0.013678679537319412,0.09764880161051392,0.02786545766335459,5.3469032941668555,1.6629646301661947,0.9538317715887812,0.013714800952191294,SLIC_IPOL,100007,0.7711582183837891,200
216,0.3802149606683109,0.6544396635124369,0.7995588949657525,0.7869810427939332,0.0631326935730219,0.5457581233282168,0.35219497635150726,0.5092143185601129,0.28780053934709976,0.9430120271241765,0.03666052679971368,0.055283256142072815,0.025975083777751144,8.88561963902738,4.910139400958532,0.9383505288178183,0.03505306086218698,SLIC_IPOL,100039,0.8189270496368408,200
216,0.5932517591047635,0.7686909421532424,0.8400041310094454,0.8828160188857259,0.0344749729666646,0.37710766121981076,0.04708078961390864,0.3771076612198107,0.04708078961390862,0.966688039585236,0.006571942295060371,0.05867536605720355,0.008735538147558628,6.770355777315589,0.9016315054941548,0.9599508638760978,0.007118309155891976,SLIC_IPOL,100099,0.807100772857666,200
216,0.6456280430191397,0.7553275918673299,0.829672515032287,0.8906449992899133,0.05462400615263825,0.4500009714962986,0.12216836815264044,0.4500009714962986,0.12216836815264043,0.9726284156190698,0.009373833847036795,0.08261995307063678,0.020983462262986797,6.496498358812261,1.9058190212371073,0.9703982965723078,0.009246475150293438,SLIC_IPOL,10081,0.7923402786254883,200
216,0.48701575680341047,0.67983835021676,0.8259081890140166,0.7792279781742373,0.03032250092058294,0.5594380865408903,0.03627554896339574,0.5594380865408903,0.036275548963395736,0.9422257627865106,0.005632144776291542,0.05131221408179411,0.008178811604401929,6.817692849904121,0.3250609377061018,0.936259480184713,0.005766972748685887,SLIC_IPOL,101027,0.8373138904571533,200
216,0.41684978959537206,0.645812222130139,0.7977711095627071,0.8964120230789451,0.0429082186328176,0.7414729610991294,0.2713379296515118,0.6864247424995088,0.15475536038526147,0.9543968843034264,0.024858044507012546,0.09986674967506581,0.017771449101904247,5.567414807571555,1.3068338164365942,0.9519858372723959,0.024700028799017112,SLIC_IPOL,101084,1.0010359287261963,200
216,0.4164162050363173,0.6270123261395206,0.7937386373070601,0.742292883201984,0.015253950745742598,0.833712216889787,0.34909613033217873,0.7643603344537924,0.2786409137486233,0.9232155232155232,0.026679686480414595,0.06662516790616911,0.02432737399275124,6.270897401897103,3.276539109290147,0.9204153017266858,0.02577628250320968,SLIC_IPOL,102062,0.8485558032989502,200
216,0.45048981597420595,0.6739174688877191,0.8096902625723523,0.8170049372793461,0.014535238602008218,0.4967351247725079,0.1777596366085529,0.49673512477250803,0.17775963660855298,0.9480599218916976,0.019349783488182306,0.04848625989753144,0.01620524858376661,8.954045607444504,2.632539273355183,0.9382070933472807,0.016365997963641715,SLIC_IPOL,103006,0.8255002498626709,200
216,0.5875430637401218,0.7897653202937648,0.844033375669286,0.9073972326487263,0.03412773732259213,0.45760552068963284,0.12130410068834836,0.4576055206896328,0.12130410068834836,0.9730668842818375,0.010748075683244184,0.07555649047655474,0.013183628248385428,6.8406726310345,1.7493610465406184,0.9692767520643414,0.011085719810500503,SLIC_IPOL,103029,0.9133305549621582,200
216,0.45883588694995714,0.6791563437392277,0.8111992232975758,0.8194453328001773,0.040475643587899526,0.6517898200141191,0.12828578582562528,0.651789820014119,0.12828578582562525,0.949995142518507,0.0056992762622004095,0.07740114915173563,0.02049274866552514,5.4879542306727975,1.7680174762583227,0.9458130733831671,0.005641177560183643,SLIC_IPOL,103078,0.8289334774017334,200
216,0.38265593628622646,0.6960989221780681,0.7986972039128012,0.751048324826158,0.030781863987399856,0.6247563163451014,0.21331045300799292,0.6247563163451014,0.21331045300799295,0.9237427218735629,0.020661511356112917,0.060584753147630635,0.019882076396369457,6.0980557483667015,2.3068852229740817,0.9163534271336922,0.018713411557791975,SLIC_IPOL,104010,0.8405938148498535,200
216,0.5093781412928313,0.751986505574547,0.8354628437584724,0.821255080787878,0.02360914973320603,0.42788582975498857,0.054121783428141994,0.42788582975498857,0.054121783428141994,0.9645015252491888,0.006663115433664273,0.0686264192420575,0.004307863705264355,6.242141033314211,0.5040972831012352,0.9619698600414971,0.006441430729356503,SLIC_IPOL,104055,0.791489839553833,200
216,0.5274944373094138,0.7590942662149137,0.8398981059677931,0.8735336956094729,0.019002315329879498,0.3983251403812152,0.039824052326952304,0.3983251403812152,0.0398240523269523,0.966493740325516,0.0025581820918589068,0.07000280544255857,0.004778803980561405,7.551212935236185,0.6420474544748431,0.9583286294645033,0.002449802099651421,SLIC_IPOL,105027,0.8122565746307373,200
216,0.6512304150578506,0.7662267344237812,0.8366199722241603,0.9017545058219347,0.049033815648791335,0.3237258826043873,0.12083684911785723,0.3237258826043873,0.12083684911785725,0.9757320224609944,0.013772277286639151,0.05780069844879395,0.010025020843352493,8.768243841127473,2.1545390669351514,0.9712232865503896,0.014130681218956269,SLIC_IPOL,106005,0.8017265796661377,200
216,0.557876521250453,0.7247642483263891,0.8246530960147064,0.8822283054230778,0.05215345336168022,0.25721076936030207,0.11968431652777044,0.25721076936030207,0.11968431652777042,0.9745960194558325,0.0171824057692288,0.03508317929759704,0.010265209222527282,13.98248183412386,4.745504718991826,0.9640456128306599,0.020772047184510343,SLIC_IPOL,106047,0.8155350685119629,200
216,0.4326901699793452,0.736990136947109,0.8303211377538878,0.7750325838798359,0.03711077806469278,0.6590838142240012,0.14092926609492365,0.6590838142240012,0.1409292660949236,0.9294499387957332,0.020343450239477194,0.07458777885548011,0.014478689266478608,5.034519924342325,0.8429759051194334,0.9246989821959349,0.019867497226833116,SLIC_IPOL,107014,0.8128447532653809,200
216,0.45546257559970554,0.6870285718097504,0.8068824418191162,0.7452210482576438,0.020259779500608796,0.5763861633020511,0.20160950147684426,0.5763861633020511,0.20160950147684426,0.9261610999928758,0.02148820642749987,0.0690292342448663,0.011940500215366533,5.157659533436726,0.9323549630313548,0.9204428932660423,0.021136348569668045,SLIC_IPOL,107045,0.8293330669403076,200
216,0.38525659433506343,0.7146081673664781,0.8204300360607423,0.8898249932809801,0.01673718400049511,0.749503842961787,0.19900213571976358,0.7207605058072346,0.13635330424836486,0.9459690768101984,0.011899138174670296,0.0834554914255959,0.014617132153719596,5.974163929091858,0.9796225692120253,0.9426830499664675,0.011266388572808636,SLIC_IPOL,107072,0.9575700759887695,200
216,0.3488254119978656,0.6633845816845351,0.8009085198895325,0.7773419498135726,0.04404823473983378,0.5573979443138322,0.4747620608612583,0.4566343482231333,0.27437720589419223,0.9458539776296785,0.01497239686980652,0.040604432901455004,0.031117075504002438,11.272796831742465,4.34769363598804,0.9291453820917661,0.01212927342899071,SLIC_IPOL,108004,0.8576841354370117,200
216,0.4147403168096019,0.6762914439879048,0.8057057477813903,0.7215866862854357,0.025028608881851183,0.6842028225205795,0.08143700522445248,0.6842028225205794,0.08143700522445241,0.9175083062933529,0.009021265690000379,0.05822038514531065,0.005689424750406109,5.603751636892895,0.5195686793771975,0.9113488036349287,0.00841606641617886,SLIC_IPOL,108036,0.9468755722045898,200
216,0.4227168081847771,0.6551283611737028,0.8006576820435719,0.8343077561804698,0.02524248609287993,0.24123937021133282,0.04546284583851201,0.24123937021133282,0.04546284583851204,0.9704678078509854,0.004221855404722389,0.02400385294589822,0.0037184532254951387,16.837168671699462,2.0111577607421482,0.9522532237485507,0.005481764279493111,SLIC_IPOL,108069,0.8221571445465088,200
216,0.4910447519126156,0.6793446679563604,0.7993410167005922,0.7298757055732032,0.05040057172234696,0.39270859644691425,0.17299634271308864,0.3927085964469142,0.1729963427130886,0.9421700636653908,0.024725428855900542,0.03469912566432368,0.009872659147028885,9.38434058851185,3.246241628331237,0.9191003008760023,0.015199346364617696,SLIC_IPOL,109055,0.8226535320281982,200
216,0.6671212653542943,0.8252472094651453,0.8628100959722714,0.9329070093645878,0.034583569189680564,0.3786136963707057,0.07179228791054534,0.3786136963707057,0.07179228791054537,0.9796676619106526,0.005589978241958829,0.08443766937669377,0.008714225302485796,6.773999496352726,1.1668596858023137,0.9743710820813618,0.005869034764391628,SLIC_IPOL,112056,0.8290698528289795,200
216,0.42556462714932225,0.7331328762645879,0.8250856916418118,0.8017646632516752,0.01728297975596698,1.086822624205802,0.3101508659781213,0.9315775156896652,0.0714785616082484,0.9021508928050984,0.01608678123759737,0.10508292432553812,0.03138116166903012,3.6175442220671616,0.8450566314121365,0.89851487055127,0.015191636482442582,SLIC_IPOL,112090,0.8157148361206055,200
216,0.5042885543886224,0.7049220727934592,0.8197328476929803,0.8096337327291403,0.039929319310256846,0.5969844754891483,0.04674171605876021,0.5969844754891482,0.04674171605876018,0.9513137868278054,0.012253286586958428,0.075835984446801,0.01821392052899972,5.545833202768373,0.47695460254010846,0.9482879268644904,0.013481809160400092,SLIC_IPOL,117025,0.8269803524017334,200
216,0.5675359458254596,0.6837125713060722,0.8148014479174979,0.833592504413452,0.038488372393848704,0.7921982370580501,0.2677669153221807,0.7449006159286534,0.1965188872522383,0.9389097220872922,0.016595402268500183,0.10714126807563959,0.037990618040393186,4.4329896629456425,1.4633481066169527,0.9358217506815636,0.015223162121659441,SLIC_IPOL,118015,0.8216557502746582,200
216,0.5321944040186709,0.7155420804232717,0.8318643959510404,0.745845463740124,0.038197005275134234,0.6940822922131333,0.2417780441503691,0.6782093380224221,0.2173321951784381,0.9249732838517886,0.019889170664122945,0.07627729336311884,0.02600781978994269,5.373504162313541,1.827449780543271,0.921294354761353,0.01904085752133614,SLIC_IPOL,118031,0.8397648334503174,200
216,0.42304914409593936,0.695069831934706,0.8207796130260252,0.7805558721951481,0.03732461461522626,0.8083550840560187,0.3102668150347661,0.7417989520793258,0.22567422340747204,0.9160432898750656,0.02771197362244048,0.07093383006284056,0.023481956570379055,5.568615159010116,2.2502013964234315,0.9111216720345957,0.026414082994730092,SLIC_IPOL,118072,0.8276336193084717,200
216,0.6481137645932286,0.7223997107956677,0.8252924283956715,0.8584916461982077,0.02037321237383577,0.9513042877528859,0.25475246610550417,0.8653214681252064,0.1845119068127457,0.9294089200631257,0.021907130770159024,0.17501407251808832,0.04093462812108237,2.988775764565892,0.911454254305543,0.9264008613528779,0.021377825169982934,SLIC_IPOL,120003,0.7910325527191162,200
216,0.6195017673164419,0.6781785366945596,0.808636815525209,0.7994133272205863,0.021484613568794587,1.097705325742709,0.3746812151429573,0.8990537626051645,0.1515003195605303,0.9078697676828519,0.030655226654215093,0.1386512705706767,0.031084445442011728,3.145087460576922,0.7365056876710944,0.9048129984083337,0.029737074197937897,SLIC_IPOL,120093,0.8420140743255615,200
216,0.5400975337802918,0.7580234032403603,0.8253823268205717,0.8143599938741553,0.03237236378025457,0.6817067246973789,0.127496308852678,0.6817067246973789,0.1274963088526779,0.9402827701893124,0.01369275750522979,0.06734975655838965,0.009027882051465153,5.512507605236738,1.0284008437171117,0.9364899395093499,0.013932570356321679,SLIC_IPOL,123057,0.8563766479492188,200
216,0.5228662360198647,0.6923933806202094,0.8106022504822589,0.8909006901239609,0.011489530383745285,1.1132052253547582,0.2151053191665594,0.9667230134519855,0.06655397309602917,0.9277349239966062,0.013232312100101264,0.1633558550420927,0.022640215556238165,3.1000563640040952,0.4082892939983877,0.9256555246395839,0.013101324832847133,SLIC_IPOL,128035,0.8153378963470459,200
216,0.5320018715710074,0.7196941586429086,0.8222313064947948,0.8558038600541057,0.044334666737852184,0.5614030997208568,0.2245514900305221,0.5614030997208567,0.224551490030522,0.946417445482866,0.02393612157303465,0.08027813806023923,0.01301888339214976,5.292023044554644,1.2062655901007857,0.9364341473687265,0.02038630655862943,SLIC_IPOL,130014,0.8077418804168701,200
216,0.5530819736629746,0.6884116111425124,0.817039933602522,0.7440489458774073,0.011118319920881428,0.5812604840642225,0.15468831886059717,0.5812604840642224,0.15468831886059725,0.9245795040187563,0.010723706112366912,0.0598378240791244,0.018679057075554468,5.69338615353511,1.2779857244644266,0.9179490091208283,0.008532366007319853,SLIC_IPOL,130066,0.8172721862792969,200
216,0.4446212426988691,0.626221639651675,0.7837343117680682,0.8071996375788245,0.03402893195303241,1.2096877610896302,0.823279497269461,0.7619089254603272,0.24118400538777376,0.9050740172235501,0.048456598536751404,0.11067528072604216,0.06489403543103002,5.103281176549717,2.8210565371677108,0.9012291669124458,0.04659864535089229,SLIC_IPOL,134049,0.8406872749328613,200
216,0.43852800701908934,0.5866027233255214,0.7839385121083429,0.7675062860400894,0.006080016762605256,1.1033348229609912,0.16527258647513388,0.9768017478297852,0.04111761385388686,0.8916457794962467,0.010280038651009927,0.09888349299272663,0.011156645325875292,4.201621397359362,0.558707381432946,0.8866088830386388,0.009611473434079894,SLIC_IPOL,134067,0.849909782409668,200
216,0.5268619420065388,0.6742341771179728,0.8060135289890259,0.8019505985163483,0.028373575327301667,0.6507352068099731,0.26119171911043676,0.6395997003473638,0.24407916109154984,0.9378296340913163,0.026967051780671644,0.08709455496909822,0.04310007526470027,5.6842924809325375,1.9225879968258481,0.9343568930227204,0.0262977064772389,SLIC_IPOL,140006,0.8084044456481934,200
216,0.6318247813127521,0.7292769616313172,0.8377383892141784,0.748285323483297,0.05383361013912204,0.6886017577606363,0.20927375764071987,0.6825551647981555,0.1995252893200167,0.9326196073859625,0.014633563235213465,0.10882028665931642,0.036181728502236124,3.711285447541351,0.6703004269154055,0.9292983058788448,0.015092307726230582,SLIC_IPOL,140088,0.8098490238189697,200
216,0.38730538505372486,0.7131276876418757,0.8074623990106523,0.7551831378249553,0.028435711842491197,0.4524310075711945,0.18284428360666208,0.4524310075711945,0.18284428360666205,0.9410897597813485,0.01863769769692348,0.04725230891964039,0.020716634314726284,8.191020783002221,3.946011772742153,0.9341723692550442,0.015497758685760152,SLIC_IPOL,14085,0.8266382217407227,200
216,0.3787611654472358,0.7323301561889867,0.8211202329300444,0.7383345884697761,0.03995957101631226,0.500004317761327,0.08005979107804342,0.500004317761327,0.08005979107804341,0.9431372422026628,0.008552294506869772,0.05285320386021699,0.009369848681623426,6.393248490621585,1.223551187036854,0.9393182961239462,0.008205146023526585,SLIC_IPOL,14092,0.8433926105499268,200
216,0.42142258873213834,0.6274972549642048,0.7952555841314418,0.6682016994546761,0.046779286652084154,0.36739399356221786,0.06592387113882768,0.36739399356221786,0.06592387113882767,0.9441804133392919,0.007197462375725717,0.024599993587071534,0.0075672392831909446,12.987197590578983,2.624356392983458,0.9207753600276967,0.0089277866973435,SLIC_IPOL,141012,1.0042815208435059,200
216,0.4264936719892995,0.6318923732317544,0.7930779418431697,0.7707075015847875,0.022244761633493464,0.4844774321409836,0.1694631882599511,0.4844774321409835,0.16946318825995108,0.9493539549614315,0.010306935796509459,0.041708050182958714,0.013725396588041882,9.25935611722406,3.0638673110342527,0.9357882150405515,0.006514469360584496,SLIC_IPOL,141048,0.8359172344207764,200
216,0.48479580252770044,0.6804072266913783,0.7961788699333547,0.8793599213376707,0.030941831602399314,1.0378443144798286,0.32892255729805775,0.8749062506071852,0.18934158673736826,0.9187764327951244,0.02495570830397068,0.10830663384034264,0.0217180738460794,4.3493333679785975,1.3984656009328895,0.9159477363150662,0.024416881050584944,SLIC_IPOL,145059,0.9803414344787598,200
216,0.47958782664168736,0.6650457563812072,0.7998753212670952,0.7273260295940599,0.053765899607564865,0.7340703751918706,0.2808265061332837,0.6999099746763299,0.2317183716970839,0.916224635850804,0.023234274099665057,0.07422327724638693,0.027410937073080063,4.773060353907734,1.4992481738166015,0.9121798915443773,0.02300365694787864,SLIC_IPOL,145079,0.8579530715942383,200
216,0.6044722631671142,0.7041331138624763,0.8031440514095252,0.8522101533031943,0.017510844179981215,1.1309939702463068,0.3367626156692213,0.9165057221131988,0.10316545631657395,0.922223301662554,0.018676874508026596,0.19442717328727693,0.050553417699258855,2.6943652787372123,0.6135525163718004,0.9200328553936963,0.018087165071990503,SLIC_IPOL,146074,0.8074150085449219,200
216,0.4258796394984398,0.6813961781557014,0.8010366182283989,0.8462513973525908,0.013607657670014725,0.8300969553306002,0.18539281523570078,0.7944534037991982,0.12097860757322644,0.9379719043270445,0.01352791169217795,0.08572079549523158,0.01874081705490559,5.3610323054786235,0.9664794377553745,0.9346833983749872,0.013173642971961445,SLIC_IPOL,147077,0.8358192443847656,200
216,0.3914274735408887,0.6298620479541406,0.7900662028110927,0.898795308904164,0.019279432506201368,0.896618545216676,0.2392563673374232,0.8459025524446085,0.18258178261400848,0.9377568798129545,0.02178719670339161,0.11729192546583851,0.03631929568100043,4.714408399795971,1.3694288087725939,0.9352770833260976,0.021695439441985022,SLIC_IPOL,147080,0.8324880599975586,200
216,0.48430813437338865,0.7004396304361239,0.8092455911910048,0.8995896008103491,0.013606950227357173,1.0950369492425565,0.22084950897289535,0.9413345768485956,0.07267779501439903,0.9361662165400484,0.006811269793629671,0.13705143017190072,0.03278953462688328,3.5737642520086474,0.566823102506606,0.9343047461525433,0.006468185449577541,SLIC_IPOL,15011,0.8080010414123535,200
216,0.41013168042574116,0.6629799317250836,0.7988171754494015,0.8595622327751727,0.040136385424942946,0.5431052907688422,0.13800462284800197,0.5431052907688422,0.1380046228480019,0.9545015900156087,0.011594902874288267,0.07260105037103186,0.01420491756951214,6.355428507774216,1.6154773706852115,0.9517176402260726,0.011764410043821661,SLIC_IPOL,15062,0.8480095863342285,200
216,0.5494374173038148,0.723533801352067,0.8281604822920511,0.8085831490941155,0.03739611878263561,0.6555307284279247,0.20714760822980868,0.6555307284279247,0.20714760822980874,0.9545093619859975,0.013850837839465035,0.07696387614678898,0.021270752595754946,5.4903592219248605,1.6231607230510887,0.9527534717590755,0.013600480977334276,SLIC_IPOL,156054,0.8199574947357178,200
216,0.6920968558066769,0.7523839931635941,0.8398592481226149,0.9204224883669918,0.015187366006855035,0.682855680986522,0.21389659284762513,0.6828556809865222,0.2138965928476252,0.9626686355658318,0.011514048007375344,0.1184943783607626,0.03429925062992095,4.649764005544757,1.1925504721335904,0.9604984934963362,0.010958271272612997,SLIC_IPOL,157032,0.8072540760040283,200
216,0.5074349860556441,0.6797867775403651,0.8109427755996046,0.8821442167729634,0.01123041526783724,1.155878524102823,0.374597697242543,0.9135653266494389,0.10179076478230499,0.9380327847617567,0.022073510436183812,0.14277378495694873,0.026984031364811308,3.5626568830136,0.8270782429460452,0.9357059261779176,0.021493293841017155,SLIC_IPOL,157087,0.8039736747741699,200
216,0.4784498513088642,0.7073858899975489,0.8087835645308248,0.8436168884409994,0.04780461242601392,0.5615043512239775,0.203947019575057,0.5615043512239773,0.203947019575057,0.9478543964525272,0.027554371724418037,0.07242818696105892,0.028329156850696095,7.115985675205014,3.9270334524222794,0.943521874395223,0.02743627397236278,SLIC_IPOL,159002,0.8179435729980469,200
216,0.7103405311114467,0.769439800240376,0.8562204944612498,0.6426069757120744,0.05422897407265897,0.35331377387452156,0.034878364685595305,0.35331377387452156,0.03487836468559531,0.9530702521356726,0.0031954966604319196,0.04111347285807717,0.006889261673784781,6.817976203454568,0.9895781626560676,0.9427706642659915,0.005604950889452174,SLIC_IPOL,159022,0.8032937049865723,200
216,0.5688522109429889,0.7139759917207994,0.8224622150886056,0.808069022877374,0.028316086396516418,0.7593875687333631,0.17122842820109135,0.7476285775351196,0.15109868449893715,0.9402283663965907,0.01003911632182708,0.07892663893694556,0.020077723686293864,5.018502056941273,0.8759686135298009,0.9360261080165536,0.009384498786035185,SLIC_IPOL,160006,0.8348443508148193,200
216,0.48072243243468915,0.6888775473604325,0.8011907714582953,0.8355533538011409,0.014011573967017181,0.9611207181300638,0.35320911121492254,0.8487108244117592,0.2609397576463222,0.9239668136864398,0.021648404099713463,0.10236231239957608,0.03739933950884024,5.05626421598929,2.677054727248815,0.920519692402137,0.01904464902164788,SLIC_IPOL,16004,0.8117110729217529,200
216,0.6213355636804407,0.700724609654891,0.8204928888951754,0.7706620550467037,0.01654671952664321,0.3901606854877883,0.03854481061658002,0.3901606854877883,0.03854481061658004,0.951838394829049,0.004307506253079068,0.040574712643678165,0.002536155374907281,7.983048856488095,0.4374102758705196,0.9447546544599023,0.003923085037818808,SLIC_IPOL,160067,0.8042206764221191,200
216,0.45393890360909617,0.6864486619204251,0.7862686135253835,0.7501657013405714,0.014739880795629328,0.6059686573705265,0.12035178658375269,0.6059686573705265,0.12035178658375259,0.9217880713207817,0.010864085765334963,0.043248699433185815,0.006251033969385734,7.482156994797871,0.8190994123853979,0.9123050617690535,0.00851574679141623,SLIC_IPOL,16068,0.8345489501953125,200
216,0.6448928443541214,0.7958647213995719,0.852812411892924,0.8606223875050983,0.01825672446863142,0.45267733585490594,0.09016112816716483,0.4526773358549059,0.0901611281671648,0.9630162153526639,0.009079615830693478,0.059037292204911405,0.01041414435865613,7.577236554474929,1.5700701899394398,0.9580297718777233,0.008312230561335314,SLIC_IPOL,161045,0.813298225402832,200
216,0.49492783105276716,0.6629164500094038,0.7952881010612941,0.8283715246293479,0.03777378349064516,0.8726756951056018,0.32932450829614257,0.7795273346675216,0.1894979122949087,0.9213541363074074,0.032775678613798986,0.10008247422680412,0.035891628167259035,4.398383694869437,1.3156729279184483,0.9178364913810284,0.032458578208001694,SLIC_IPOL,163004,0.8142735958099365,200
216,0.42163018172939304,0.6900964045876362,0.8114053372196012,0.8474914914600822,0.02994868323358525,0.6327044513960403,0.12755120213820523,0.6327044513960403,0.1275512021382052,0.9504148289195019,0.005118632390399614,0.06700615592870726,0.016147451767145958,7.02759563769241,1.25713129129447,0.945586820002708,0.004048020513990432,SLIC_IPOL,163096,0.8516483306884766,200
216,0.5453953469168495,0.7402278483182188,0.8337208472335645,0.9045214028852626,0.03826220263419257,0.3017104811497335,0.0326058626607472,0.3017104811497335,0.03260586266074719,0.9808848388287641,0.005872637545669892,0.042108288722020625,0.0027968035284281086,11.627488329395055,1.7961819249392372,0.9761116616256806,0.005471495319431972,SLIC_IPOL,164046,0.8151116371154785,200
216,0.5881261024972817,0.7712261926342395,0.8351022431769879,0.8523188422057365,0.01804519999436608,0.4898349103956581,0.08146322570075046,0.4898349103956581,0.08146322570075044,0.9577291166076213,0.0057851226690147734,0.06396128071481756,0.011253198987693763,6.665640727131106,1.0007409358401778,0.9539152064719777,0.0045896872717906614,SLIC_IPOL,168084,0.8182981014251709,200
216,0.4672685680096669,0.6677992269129719,0.8264128029578935,0.7095662292044723,0.0174310557412844,0.6781212556913492,0.05894306849679751,0.6781212556913492,0.058943068496797535,0.910342549594886,0.013072705119703999,0.06523567899586061,0.01110675427887975,4.877056909718377,0.48911129936370507,0.904456017423402,0.01288833039215733,SLIC_IPOL,17067,0.9658346176147461,200
216,0.43596537737284036,0.6707630294672912,0.7946859204765759,0.8442691038333835,0.04319711037339256,0.614129226278759,0.1933729620762008,0.614129226278759,0.19337296207620078,0.9441195329045796,0.022099369232083377,0.06521157831405842,0.01044914247601755,6.040289317336671,1.4399953626842248,0.9379402314423002,0.021282117586466236,SLIC_IPOL,175083,0.8341429233551025,200
216,0.6646433416451122,0.7487338595464964,0.8343600573003735,0.9401698434437626,0.04178516609913568,0.4765668616135906,0.21172573000591732,0.47656686161359063,0.2117257300059174,0.9796361422529648,0.011502267755584203,0.08161445687218882,0.03599116676768702,7.826057028229587,2.301939796846934,0.9751301439423237,0.01034748444254289,SLIC_IPOL,176051,0.792762041091919,200
216,0.6818033067374013,0.7771256710423625,0.8442820757230082,0.8606867902405144,0.03827634236995965,0.6851095523992721,0.0963899794936166,0.6851095523992722,0.09638997949361666,0.9502412549141521,0.006463179121532767,0.11653041203400916,0.03304747691043737,3.792157603770634,0.7073106126837917,0.9478869510612984,0.006798276832680108,SLIC_IPOL,179084,0.8086483478546143,200
216,0.5486758712006873,0.6754611921757807,0.8087488065011285,0.896696111949062,0.06487289646112104,0.7577595568249774,0.5570907761802997,0.5965796853647322,0.22451928462992754,0.9423276619538302,0.07426773218366088,0.1067538945495106,0.052838763216044166,6.23305437769789,2.5300958533217637,0.9404048232758915,0.07456066780185977,SLIC_IPOL,181021,0.8227391242980957,200
216,0.5660010366463847,0.6819289566315141,0.816680281408846,0.8554322922713269,0.06960188937936175,0.4853323488837507,0.1631146827811641,0.4853323488837507,0.16311468278116412,0.9598215037467375,0.02707092362289241,0.0627857033287314,0.014773753354901376,7.3684704185505865,2.1841600766013096,0.955759917796317,0.02752094940049255,SLIC_IPOL,183066,0.8111367225646973,200
216,0.66121310447334,0.7555641531132793,0.8258851601372774,0.8541194609399455,0.015010178904623346,0.6213906213906214,0.07746022652767881,0.6213906213906214,0.07746022652767882,0.9540417484342717,0.007515297707829415,0.07921419518377694,0.014880508645546946,5.196278330686901,0.5542336112978724,0.9514718222899177,0.00768172675075993,SLIC_IPOL,185092,0.7916774749755859,200
216,0.45162462498245454,0.6126690692928515,0.7927489550521831,0.7410267190247477,0.023807217525162738,0.7557995090705372,0.11845419876077484,0.7557995090705372,0.11845419876077486,0.9339304797248722,0.012720158769754795,0.0651396042287883,0.01164968576932976,5.29814684042573,0.9546332561184081,0.9302630649143946,0.01252888045971515,SLIC_IPOL,187058,0.851515531539917,200
216,0.3987707770196004,0.6533186288226497,0.7890055829288629,0.6761547740692263,0.035249029004444904,0.7661828615099642,0.24471279261070308,0.7319032907817955,0.19184242173937788,0.8938387704742844,0.012483810079012723,0.06362103521776477,0.020729386364177024,4.8516576665064814,1.2697438027741372,0.8849125577813186,0.00804500935254328,SLIC_IPOL,187099,0.8643748760223389,200
216,0.5100199902693807,0.6960191704675898,0.8041685145257791,0.8271573156293414,0.020634369767205014,1.2124247899948837,0.3728909622263803,0.9472464556576707,0.08661495466627865,0.9142816432536058,0.028695770802522627,0.15081019344706975,0.026386592918653633,2.934736355854253,0.6030852654083885,0.9126118525373353,0.028508499948911914,SLIC_IPOL,188025,0.8127727508544922,200
216,0.5846800609402458,0.7514307421978448,0.8334646921537324,0.8733732700635601,0.023790548679206658,0.8920019948057331,0.125727519872451,0.8793686569387503,0.11009564624521204,0.9431027001120459,0.01120703877168912,0.11904833496203863,0.014578189013537647,3.933218002526284,0.49038917865951526,0.9411635259690989,0.01114045253040362,SLIC_IPOL,189006,0.8069324493408203,200
216,0.6133966385314309,0.7473437593015371,0.8377905023421571,0.7917782672231202,0.015392683698936054,0.7686258508688416,0.06437228089627421,0.7686258508688416,0.06437228089627414,0.9298074494336177,0.005119547519627909,0.09947733168144335,0.008891195604486528,3.9312831505843704,0.37542817012828894,0.9269167038265271,0.00477577887487393,SLIC_IPOL,189013,0.8230628967285156,200
216,0.6093919488124935,0.7059301899991647,0.8264995601301385,0.8953601726770642,0.04488308089325114,0.7872708078315556,0.05920211224808483,0.7872708078315556,0.059202112248084776,0.9526142965395301,0.012977601412411399,0.11035335962267068,0.012996734192368742,4.497689355273319,0.3829246593763113,0.950361853904915,0.013440816501551059,SLIC_IPOL,189029,0.9708740711212158,200
216,0.4513299269505698,0.6606927940698156,0.7909496525106245,0.8758657638945895,0.020144454637486438,0.769832017495569,0.24462620769433296,0.769832017495569,0.24462620769433294,0.9405660153323705,0.014089244901777249,0.09787913843441857,0.029481715235138668,5.350148113912009,2.2022899001778558,0.9374661933388886,0.012912604467757667,SLIC_IPOL,189096,0.8384623527526855,200
216,0.7503546656794413,0.7981160673034776,0.8452581520510619,0.8896745426952073,0.03528426590790086,0.5229862500890539,0.09741964291252615,0.5229862500890539,0.09741964291252614,0.9606155400547923,0.011752743767039112,0.10968844822428307,0.01457147003308684,4.579808411499577,1.2296005188810912,0.9562896366634682,0.012279548822476172,SLIC_IPOL,196027,0.7937514781951904,200
216,0.3686174537521429,0.6516544484853992,0.7901349818928785,0.7145107722867265,0.04479078040277304,0.9236611161844808,0.27752692253327255,0.839555443293761,0.19788120208553192,0.9195147699820598,0.01993372618768878,0.07922232116355002,0.01876948334162441,4.87823103609185,1.8527907032599038,0.9173373460547793,0.01909564640775989,SLIC_IPOL,196040,0.9715266227722168,200
216,0.4991002423997602,0.737150313056807,0.8276897837304378,0.8807117334902292,0.027521885723614754,0.5069695144461499,0.050292674773506636,0.50696951444615,0.05029267477350664,0.9562010608739581,0.007598755206993674,0.07736591138491525,0.010723639712020304,5.673713246683736,0.5241282912782703,0.948595100697904,0.007011916905962003,SLIC_IPOL,196062,0.8273255825042725,200
216,0.40604514730585983,0.6472535852388378,0.8025885583633409,0.7382217622299425,0.020688047065097446,0.752651861063076,0.08302744868841472,0.752651861063076,0.08302744868841472,0.9069280639374098,0.006031891927801839,0.04937355282773496,0.009044657195917946,6.400121694237077,0.6724297887868903,0.8982191084994824,0.004422423555212135,SLIC_IPOL,196088,0.8819465637207031,200
216,0.6391782396008465,0.7232972841779719,0.8281590112666697,0.8057143525928504,0.012474234345193687,1.1476458485804282,0.3254359647357279,0.9073537952042625,0.14701608719385043,0.9268646792011278,0.013080612020973756,0.16388888888888886,0.03735506574119459,2.8725312679731605,0.7038926630950245,0.9250220367812663,0.012379896744174411,SLIC_IPOL,198087,0.8231616020202637,200
216,0.5750780474175161,0.7502905360342956,0.8263841574989296,0.8525736052591243,0.044211620138714415,0.711526047974646,0.19567430943764194,0.696327528103229,0.16704106125572216,0.948682327187,0.029287250893350273,0.11067474993962965,0.02523540981582746,4.67143422277161,1.0913219816095687,0.9458515998625034,0.029409023992107455,SLIC_IPOL,20069,0.799004077911377,200
216,0.6042375528256032,0.6910388875973273,0.8200809594767237,0.9122591592143569,0.025589920814498804,0.6582956068937377,0.20946254675345993,0.6582956068937378,0.20946254675346002,0.9632202295753697,0.014743302896002087,0.11649999341212432,0.020171898889287204,5.045017794837835,1.2214518243507737,0.9590325703430699,0.011989547213388794,SLIC_IPOL,201080,0.8010234832763672,200
216,0.6194032991945185,0.6575198185944834,0.8120101416194712,0.8266307832856592,0.06806571332981269,0.7819159202336772,0.38990942302441167,0.6715086042188846,0.1753127199052499,0.956799502593895,0.015949106884719663,0.10288580185487402,0.03039970278254079,4.856315260507054,1.4368729958580675,0.9539134949022035,0.015216481951703527,SLIC_IPOL,2018,0.8294446468353271,200
216,0.6503865975702139,0.7008761540478992,0.8243236817583559,0.7436942318665505,0.039980701380925104,0.6995045368877144,0.2069848883650499,0.6995045368877145,0.20698488836504997,0.9313631388397743,0.02053023208376169,0.08344423955744408,0.0275716886068796,4.827546573901296,1.4016003443304377,0.9264225322169246,0.020186980172228107,SLIC_IPOL,202000,0.8348379135131836,200
216,0.5764582634083245,0.737019747682322,0.8318980636249605,0.8738592573590396,0.032616878784531365,0.9072907558888866,0.2168966042380473,0.844652560540411,0.1345327463427715,0.9432710928038031,0.018381819043859833,0.13883252574197455,0.016630630644715743,3.7006185713449407,0.6801385418704925,0.9413030737041626,0.01841895865939445,SLIC_IPOL,206062,0.8087897300720215,200
216,0.4491514050821951,0.7327943954402734,0.8184472167141927,0.8068483660937588,0.05794848672155507,0.6258098501089157,0.2348820225414231,0.6171602947303882,0.21948281027966934,0.9514651243623207,0.012278152832357166,0.07037711254944265,0.02734833770344085,6.610909056819356,2.462765994992956,0.9472837731496332,0.011478845079403683,SLIC_IPOL,206097,0.823711633682251,200
216,0.41127709725050043,0.6702928784300917,0.8011691217658597,0.7587311855913998,0.04012397574954118,0.7099435884482613,0.36128611399738575,0.652427121586,0.2780517082109413,0.924153340975771,0.0314297053942716,0.06984531160481253,0.04249335869184252,6.967184012010516,4.164434122077225,0.9195986471359665,0.030638711244534208,SLIC_IPOL,207038,0.8350033760070801,200
216,0.3852263867273696,0.6609132460320577,0.7993476689828977,0.7114559451834142,0.03006174942858494,0.7108771501294866,0.22751786188120965,0.6840138896213662,0.1745214441956534,0.9167834775311411,0.023632584342775025,0.0478465271458902,0.016371566645567326,6.90391340450597,1.906686765802415,0.9097687328495453,0.022756941331696014,SLIC_IPOL,207049,1.0032668113708496,200
216,0.48676707634701877,0.6859490223497658,0.8007116799294481,0.8338545800780999,0.02738288883342971,0.6014089472033398,0.11397500975766121,0.6014089472033397,0.11397500975766121,0.9416075210467734,0.010889691887727284,0.0644228202577107,0.012536309741949319,6.8375000288863195,1.3177980636954798,0.9340902216304715,0.008937982519426077,SLIC_IPOL,208078,0.8499367237091064,200
216,0.4142773994557987,0.7269368068606918,0.8179368985175302,0.8138849470961311,0.05161592466539348,0.4913789418462316,0.23128065524365995,0.49137894184623165,0.23128065524365998,0.9460469815610002,0.03209655148676063,0.04902278577557441,0.01928889910212923,10.49802024498329,6.199224154821465,0.936043768426946,0.02779999068644671,SLIC_IPOL,209021,0.8067140579223633,200
216,0.6454927247721316,0.7288943236516346,0.8300383038320336,0.8386976552817025,0.05084035867119057,0.7020323702566693,0.16745150434961945,0.7020323702566694,0.1674515043496195,0.9402853608461085,0.017829061030430134,0.10071615627171183,0.027641447678520583,4.552385087471515,1.1879799266006843,0.936711650029407,0.01819278454044048,SLIC_IPOL,217013,0.7727365493774414,200
216,0.43691263117111495,0.674570228241412,0.812290947912872,0.8002098445275525,0.02632628672074687,1.0262731458993142,0.8328729128166604,0.6880991703421611,0.1589882097429137,0.9077622554258069,0.06418877846203375,0.08762122448979591,0.04875913859986915,5.572331886746496,1.8346244873039528,0.9032621822341449,0.06281630107574525,SLIC_IPOL,217090,0.809253454208374,200
216,0.40008138522328807,0.6698571337997067,0.8011522789853737,0.8242390785466209,0.007748378218284017,0.7993290198897676,0.1857935442762215,0.7985531181792863,0.1849438483446027,0.9408553053412867,0.011603587651256499,0.09389148855444542,0.0276080861197295,4.594725276358751,1.0561156662849907,0.937626422638105,0.010208614481911894,SLIC_IPOL,220003,0.8182628154754639,200
216,0.5124102140383163,0.7190796800969221,0.8097127608563712,0.8549057855773846,0.016463794849295943,0.7181851153813771,0.41768056393863934,0.6314240192744865,0.2699324032622223,0.9382020410057793,0.03829787765559434,0.11617755159739891,0.06917319125603572,5.7051905871588255,2.469583388688135,0.9354478560670154,0.03790879269126236,SLIC_IPOL,223004,0.9184186458587646,200
216,0.5670650048646594,0.6522122169768394,0.8103032638028215,0.8330953740504808,0.01958198704423711,0.5154176462587677,0.16087158552595723,0.5154176462587677,0.16087158552595718,0.9602161471320351,0.01232595932388834,0.058143700738764126,0.013646364234631,7.7436840985963045,2.081666848535368,0.9561589188721166,0.010830836513642826,SLIC_IPOL,223060,0.8483641147613525,200
216,0.6168672761884411,0.686384389341595,0.8171772879078817,0.8494312970539852,0.03801466943037527,0.7839599484459299,0.22609863927785723,0.7436765305924184,0.15484963293415177,0.9609989572606394,0.00697116741585834,0.10872578920267754,0.015065816342776879,4.3940069158811195,0.6668857160959383,0.9594654061462752,0.006601137598947113,SLIC_IPOL,225022,0.7862899303436279,200
216,0.589414194391291,0.701768755421325,0.8105063178442204,0.819719091547061,0.04153779421511782,0.6707987642567083,0.18225196547406422,0.6707987642567081,0.1822519654740642,0.9374472963258011,0.021934417105906448,0.08848891064502769,0.025389393364085206,5.005749490202997,1.7420581962941628,0.9343863670214512,0.022150037519603538,SLIC_IPOL,226022,0.7773911952972412,200
216,0.43805937672266143,0.652697198477829,0.7909515916639206,0.8854824553531984,0.015331042883660318,0.8974449647346845,0.18208460050156536,0.8635980336914916,0.1390638949549599,0.9350587107596453,0.008922145467292454,0.11460401716963205,0.014037114348715985,4.041178550409048,0.4407136604207738,0.932424926107679,0.008299184311133688,SLIC_IPOL,226033,0.8483691215515137,200
216,0.5095089675097242,0.6908669940894047,0.8018572155366612,0.8121925390282112,0.01538841837826403,1.4345982215141095,0.3103277395450658,1.0,0.0,0.8935978393922319,0.013765210921318945,0.15888704318936875,0.031571898288556874,2.8106135100243663,0.44170516385958525,0.8914619359202618,0.013349103275732816,SLIC_IPOL,226043,0.8152272701263428,200
216,0.5504767274370346,0.670078620427473,0.8033344434655239,0.8818337921865699,0.01502094414292124,1.1903128865745687,0.356776512201642,0.940940581127497,0.12811103406531874,0.9338281487814198,0.018583401600324397,0.15967662352449993,0.03973288780561908,3.2910725777077694,0.7774086586099102,0.9320769614600025,0.01838448861502476,SLIC_IPOL,226060,0.7844595909118652,200
216,0.651103160881464,0.7091540236746992,0.8362908021369106,0.837418757993255,0.044612660617281336,0.5865855791089436,0.10191460208713729,0.5865855791089436,0.10191460208713732,0.9629277012454583,0.011647751845848266,0.08671496617700036,0.0036052593703014215,5.389716661332694,0.9327619239590772,0.9604681835990251,0.011790711425623648,SLIC_IPOL,228076,0.9109706878662109,200
216,0.581559558530074,0.7045669383645187,0.8094437714835491,0.8835892121819434,0.012182648933420014,1.06362005427426,0.2090426835582029,0.9460197796646395,0.08404289851374092,0.9402037551570261,0.008346479064541673,0.15933487367902732,0.027255587413927966,3.2356376764229253,0.38293681118515493,0.9381567968921395,0.007797522156974538,SLIC_IPOL,230063,0.8038699626922607,200
216,0.4595337033613977,0.727384224890341,0.8136588445131213,0.8543155538836761,0.02968414963725504,0.8231514044598157,0.059117865630363815,0.8231514044598157,0.05911786563036374,0.9364745046988038,0.010515212814177539,0.08893285934670334,0.008798519830534306,4.947299301885822,0.4235132798181042,0.933027435279091,0.010606475615794447,SLIC_IPOL,230098,0.8099772930145264,200
216,0.5143081025380201,0.672498367174627,0.8048751664223983,0.8480240578112793,0.024519519770825927,1.4523513448747094,0.2840528980379436,0.9759748965356442,0.0537217645127652,0.9091672549616474,0.014889109091210606,0.17224883276483535,0.03380894590142238,2.6593968317291274,0.5655247187021899,0.9075618557548758,0.014751386241404133,SLIC_IPOL,23050,0.797415018081665,200
216,0.5321961757155234,0.7042791177884935,0.8047499322230436,0.781498610672023,0.04689479427452593,0.3565702294674257,0.06099948389683794,0.3565702294674257,0.06099948389683793,0.9515016094455346,0.009899074203252903,0.03858913664124896,0.004546810180508208,8.453510278736548,1.1439729544773254,0.9409466876756586,0.008190447720513892,SLIC_IPOL,232076,0.809981107711792,200
216,0.6142668872053328,0.6788506616629133,0.8095805493564593,0.834148860810561,0.04049635850324167,0.8552677767631038,0.17869879644247366,0.8229765351260679,0.12778790140229954,0.9388112771290341,0.013670156425097349,0.12864302383411758,0.020251811725417377,3.817368274996478,0.9122477711941367,0.9368827022341858,0.013208846827103143,SLIC_IPOL,235098,0.8054337501525879,200
216,0.5175848864800535,0.7287051704842912,0.8203392969292688,0.9007496699202232,0.03463222084482393,0.4885538306099054,0.14757545680867032,0.4885538306099054,0.14757545680867037,0.9653927111871037,0.010786442005090609,0.08650620507134937,0.010096513910226998,6.498852175040211,1.2067707310718572,0.9618014371908453,0.009509084614621644,SLIC_IPOL,238025,0.8310379981994629,200
216,0.5923894666459076,0.7269297456662999,0.8307645446966326,0.8468609507235227,0.012325277154270627,1.2844191423630675,0.34354775175480956,0.991000058289778,0.01799988342044423,0.9080109584782482,0.02423305767883204,0.16349946491362177,0.038446878624372405,2.891371037896193,0.6269512568489253,0.9060922438547501,0.023976422158928395,SLIC_IPOL,243095,0.7906720638275146,200
216,0.506210865089085,0.7273302211446457,0.8221149299848246,0.8924981452700811,0.022648201538053858,0.43796348469245666,0.11169838859437695,0.43796348469245666,0.11169838859437693,0.9688430342635949,0.013102663825256178,0.06569247867900563,0.020281530985066742,8.565707880843563,2.167671535366488,0.964786356217088,0.012740313644497455,SLIC_IPOL,246009,0.8237121105194092,200
216,0.5038066818186798,0.7209891890802081,0.8192680231150881,0.8485843142179801,0.046692262030188295,0.5446156436810642,0.18342545078258585,0.5446156436810643,0.18342545078258582,0.9578072680876419,0.016221413407219255,0.06288600386427579,0.018058213499163523,7.2200453510928,2.615588749830012,0.9527353508661924,0.013698693146330506,SLIC_IPOL,247003,0.8319158554077148,200
216,0.4548072949742488,0.6963946553642185,0.8058089373003945,0.8959047158547921,0.027680241378831287,0.66987519510884,0.20773115137278844,0.6550579335626064,0.17903025626509103,0.9535663629121572,0.016470642084799432,0.0936531834454147,0.015496629395079151,5.439225127028696,1.0637717717165098,0.9492553117085822,0.015403201073348312,SLIC_IPOL,247012,0.7930169105529785,200
216,0.5175605146247056,0.722180777031448,0.8133260355328028,0.8420514407147759,0.0368615189040357,0.8572699226904833,0.39057537974814344,0.7459537179163348,0.24200151828824362,0.93443587368821,0.02509896779354277,0.11145168763588409,0.029396750128308318,4.867932545207418,1.6932407205400308,0.9316813480625118,0.02377158479773,SLIC_IPOL,249021,0.8687539100646973,200
216,0.5143311984455803,0.6783777987559765,0.8093243036314213,0.8260013029881579,0.03509650511583802,0.6266721070459388,0.49890334274120113,0.5120847662903738,0.29080180959337976,0.9399693007169644,0.04545863180380405,0.0797746123963182,0.06590345371593463,8.631852492639798,4.302566100143405,0.9341559316325672,0.043335085346310656,SLIC_IPOL,250047,0.7835948467254639,200
216,0.5428509200168281,0.705091219259204,0.8164877516287969,0.8526991923585456,0.03154912854794241,0.7310211721426676,0.12089158120392178,0.7310211721426674,0.12089158120392174,0.9487788291526609,0.00938866640180632,0.10630745749476449,0.01269541768653496,4.540150589699926,0.6717983173823703,0.9470599530897873,0.00930781247407807,SLIC_IPOL,250087,0.7876882553100586,200
216,0.4095885858715184,0.6987559262473244,0.8035680933020479,0.8361483385168601,0.04121175334423723,1.2782365399187827,0.31508269693736035,0.9862708143081974,0.027458371383605008,0.9054708194895109,0.027844948989675305,0.14587766384879947,0.027641405486459394,3.073001036506858,0.5323251526513768,0.903192592639112,0.028003373740664843,SLIC_IPOL,253016,0.8125524520874023,200
216,0.5149674745027852,0.7090855488010257,0.8110873439796313,0.9071227599148474,0.03873777537520661,0.4798103639225134,0.14322115130126767,0.47981036392251336,0.1432211513012676,0.9655896011036198,0.012639042306117848,0.06402170926078593,0.020560274674154912,8.050388506760719,2.124627048087179,0.9550646352109163,0.006969389235936875,SLIC_IPOL,253092,0.7896456718444824,200
216,0.5645554486434159,0.7739314833906076,0.8514607643408172,0.8012780125789496,0.0435014005583745,0.5092674270244364,0.26206859524659964,0.5092674270244364,0.26206859524659964,0.947269771568837,0.026991170199076653,0.06935058364352573,0.026516530596819576,6.344374450733891,2.0349159496277593,0.9443984301741318,0.026607770394914805,SLIC_IPOL,257098,0.9020254611968994,200
216,0.4634631641184419,0.6542925111680649,0.7922579997628612,0.8112955535094948,0.03906840529163166,1.0729205121728485,0.31172886487137075,0.8888349168723,0.13676394915408913,0.9139047026897495,0.024942096535728663,0.1257260154120537,0.03745119853536231,3.827996991974463,1.3086224294558764,0.9116631502292014,0.024669329557562982,SLIC_IPOL,258089,0.8067107200622559,200
216,0.4656627181983148,0.6644935177399403,0.8026517780579363,0.8274767221008268,0.047946588007548974,0.879110886587522,0.387390575443981,0.7541492606913167,0.16175911081831432,0.9263553992525955,0.045658618814533335,0.08561899679829243,0.015489739734308488,5.114098164031651,1.284695352625305,0.9231125483220162,0.04539746962769606,SLIC_IPOL,259060,0.8182563781738281,200
216,0.5505402401050173,0.6803539149166584,0.8058940943735347,0.7408959031448548,0.032280911147053094,0.8679244305412531,0.23391720740906186,0.8451512619736918,0.21645359407291154,0.9136236164273548,0.026480767117662757,0.09625539384187816,0.03158984376536071,4.0428366545306424,1.926775020548436,0.9089030153764274,0.02512317795542616,SLIC_IPOL,267036,0.9376785755157471,200
216,0.40481843039161497,0.6688309604197354,0.7955126887017968,0.8412353585684162,0.034551077594516054,0.5078166592185285,0.23126022857760162,0.5078166592185284,0.23126022857760162,0.952602638583947,0.022625071191561822,0.05614800759013283,0.022626368220857382,10.435945153250902,7.542825828188812,0.9488136402105907,0.022074138844649906,SLIC_IPOL,268048,0.8188505172729492,200
216,0.37696198354095145,0.6405453306287057,0.7814114981118961,0.7249039165582414,0.03421855005654041,0.6800331604069922,0.2467060707156077,0.6800331604069922,0.2467060707156077,0.913497969572736,0.03309349522598458,0.053699813959070995,0.02002195153216757,6.511878066578243,2.4093908766994523,0.9081343789871831,0.03226804781620874,SLIC_IPOL,268074,0.8489811420440674,200
216,0.40544283228587713,0.6459822864681137,0.7874542287166759,0.8073890679768164,0.02193765957783426,1.0899152207563423,0.1882806694086444,0.956875926969385,0.08624814606123009,0.9068710694878919,0.018294728000796942,0.11002815260654304,0.012755276372239955,3.5984179275188546,0.20344925777878858,0.9037135678170106,0.018274235161954488,SLIC_IPOL,277053,0.8301727771759033,200
216,0.6480338930836886,0.766725461632431,0.8391082106532719,0.8404422481320635,0.021457125010381425,0.535035394848479,0.08718478358818676,0.5350353948484791,0.08718478358818683,0.9596453390845914,0.004180651886357393,0.07866964390645201,0.015017582611979965,5.674543899277599,0.5557445785036085,0.9565975036955152,0.0043517277150847584,SLIC_IPOL,279005,0.7949116230010986,200
216,0.589486122014908,0.7619940883820533,0.8384453364701125,0.8493263213823145,0.05793037399197541,0.5861145113481562,0.1488113804093006,0.5861145113481562,0.14881138040930056,0.9545782302791649,0.022704613260357265,0.09177013391350014,0.012140959951797273,5.189145570526715,1.4614432263485546,0.9515703830509535,0.023072379642676354,SLIC_IPOL,28083,0.7826781272888184,200
216,0.6136704538442223,0.7290051180789306,0.8281416431100831,0.8907129467451291,0.020967668620849433,0.6626913038127992,0.15052532797997373,0.6626913038127993,0.1505253279799737,0.9568331811322466,0.010068572723979248,0.1036840689946602,0.020567929502009002,4.673658531414936,0.6957637762142675,0.9548992895780788,0.009856481382441174,SLIC_IPOL,281017,0.7861216068267822,200
216,0.6343848184161097,0.7397615537803159,0.8305020861420154,0.8724617690853144,0.0271610152489986,0.5543914871017674,0.13477753452051738,0.5543914871017674,0.1347775345205174,0.9508228573649135,0.015280039904141873,0.08632732252910294,0.01974434913887062,5.437953258037118,2.0108908481730565,0.9459727595331474,0.01486918698148876,SLIC_IPOL,285022,0.7822613716125488,200
216,0.4853662344578679,0.7025104478181604,0.8062370920105708,0.8164423809381625,0.012538819261872261,1.1656362329259526,0.4547098043563486,0.8701303748032719,0.22381537881568944,0.8899268787119254,0.032588607643100155,0.15649643824621248,0.05815222055408469,3.3159565144827794,1.497883313157616,0.8867369019698275,0.03131532015687649,SLIC_IPOL,288024,0.91925048828125,200
216,0.5455045855785619,0.7468125676508561,0.8318718420306974,0.7665451235457437,0.08002316833446105,0.717448721187039,0.12855642243848034,0.7174487211870388,0.1285564224384803,0.9301986386098535,0.02660574593256597,0.07899323059196314,0.009295580136314348,4.838510986731606,1.6130493295871393,0.927260217189577,0.027607123969799266,SLIC_IPOL,289011,0.814286470413208,200
216,0.4911734267933386,0.740942492258144,0.8242019266750331,0.8860127502770329,0.03020038638261871,1.0900719554925162,0.34041929044577235,0.9001172272200311,0.1654312454367763,0.9386312264816938,0.025853127697681482,0.13908530425998816,0.03073444763843611,4.001281617725935,1.2919945832872195,0.9369423626071459,0.025413773183883475,SLIC_IPOL,290035,0.7915852069854736,200
216,0.524793610840562,0.7276889666757483,0.8209269285292935,0.8686064223576396,0.04208997051485813,0.6086391927513423,0.16703917678105115,0.6086391927513423,0.16703917678105126,0.948454565276995,0.018739081672455055,0.10067138450371983,0.019550641352891182,5.091357812347695,1.4292835225597227,0.9455308596653748,0.018519312245547,SLIC_IPOL,29030,0.7947783470153809,200
216,0.5237832111042819,0.7275858366564244,0.8273745096159318,0.8487044046799855,0.03067239149031918,0.6030362497652217,0.13303180588393596,0.6030362497652216,0.13303180588393587,0.9544899320600255,0.01137046941251251,0.08895513912549688,0.012741796878553698,5.205802320775459,0.7437074150211971,0.9513111372924457,0.011011261496707725,SLIC_IPOL,296028,0.8079402446746826,200
216,0.4412895223594677,0.5939352597100592,0.7836739571694166,0.7374419289256116,0.03773111503127126,1.095821918251825,0.36410260665744665,0.9024799062182239,0.15641346785966437,0.8836264013834108,0.04441068150783335,0.07601430023943061,0.02191335685574786,4.679733283702328,1.5455894303454647,0.8780253960783556,0.04401847398537515,SLIC_IPOL,296058,0.8596537113189697,200
216,0.5372797777900392,0.7223548438489749,0.8100176504487762,0.8245891742915834,0.015661339865281815,0.3687748136346267,0.07434323724489178,0.3687748136346267,0.07434323724489177,0.961641440146113,0.006910875760762411,0.047191415814489414,0.008735170580597047,9.035490841373157,2.580072340247835,0.9558843408843408,0.003943357217720951,SLIC_IPOL,302022,0.8121023178100586,200
216,0.4401282345639305,0.7023114482883532,0.7998933175000621,0.7641987975766577,0.016996897823627257,0.5614179959974351,0.1458086279861626,0.5614179959974351,0.1458086279861626,0.9327649000546195,0.013695652093897415,0.07327216926397068,0.02305099733897357,5.153518877199737,1.109902081265572,0.9262677284118661,0.010654643510693982,SLIC_IPOL,306051,0.805039644241333,200
216,0.4637891196691193,0.6801127485393238,0.8140872767111086,0.875141138384927,0.040576373398627075,0.3178982001411908,0.05396479163736591,0.3178982001411908,0.05396479163736592,0.9754612988257849,0.007886081628178552,0.04114835779412263,0.0026426688655768605,10.840432830093672,1.8444922321701231,0.9695021559507546,0.00921608756266185,SLIC_IPOL,306052,0.8190968036651611,200
216,0.6142350045200743,0.7534271359762459,0.8322069198285984,0.9414360128595054,0.05107045724655875,0.3459552291327992,0.19979324160215126,0.34595522913279925,0.19979324160215123,0.9830527867911046,0.021528656628702802,0.06950669707216062,0.02922087537585237,10.152437457890441,3.254418854066779,0.9793537996419617,0.021727101962334013,SLIC_IPOL,3063,0.7751822471618652,200
216,0.4596806849055613,0.6828998262804534,0.8171723428274285,0.8432354100581536,0.01133119402835322,1.3392944346215374,0.2695974344406912,0.9725079500780435,0.05498409984391305,0.9091547334537988,0.017059902151525093,0.1545542538633557,0.03126505525036707,3.096795473920118,0.7514129285911657,0.9071775035435593,0.01692753676565076,SLIC_IPOL,309040,0.9029684066772461,200
216,0.40595801777277174,0.698248889109199,0.8149548793151983,0.8100766502288874,0.03747460445484458,0.43214746018484335,0.08913763374398638,0.4321474601848433,0.08913763374398637,0.9495547308631421,0.01697452096492806,0.04381962864721485,0.0021064845141906246,8.525501271604675,1.3485654159774927,0.944652592689976,0.017665256005538966,SLIC_IPOL,317043,0.8130483627319336,200
216,0.4473420518453199,0.6860436444094616,0.804404968978045,0.8650073677058737,0.023487003538778046,0.5594134753013258,0.11948153864292385,0.5594134753013258,0.11948153864292387,0.9586673661440017,0.009096235955221112,0.07151655629139073,0.0172750524570288,6.441485964239168,1.3572496548943511,0.9535353120399848,0.008178722959270317,SLIC_IPOL,326025,0.7924628257751465,200
216,0.45586578849657294,0.7089236291481703,0.814089300699941,0.8826775520897169,0.009908185655845017,0.40251034643558015,0.07650389944248374,0.40251034643558015,0.0765038994424837,0.9673654963374589,0.0039406551123353,0.04948056190787324,0.008589779398785496,9.65744688763017,1.4144055338181127,0.962425203780343,0.00396709031269444,SLIC_IPOL,326085,0.797234058380127,200
216,0.468815958806232,0.6764685420393763,0.8087948204524669,0.7461213494672992,0.02751902768230539,0.4666161488591395,0.15297219954860475,0.46661614885913955,0.15297219954860478,0.9432218703246742,0.018786037766964244,0.0468682939914163,0.014126607796882434,9.193279101784023,4.443689428313747,0.9343887792485923,0.01840213781756732,SLIC_IPOL,33044,0.8226041793823242,200
216,0.60656764847514,0.7544091759680648,0.8296938161751289,0.83026183732499,0.034787375604873695,0.5079878584551482,0.24086321290865842,0.5027946710189701,0.22959982669552512,0.9471268536689098,0.030431138521476227,0.07722294059481251,0.023081341822805714,6.5056255157411655,2.076438794521132,0.9419581250188725,0.030207250007536907,SLIC_IPOL,334025,0.7862932682037354,200
216,0.3969073812725395,0.6787522781981012,0.8007858665495263,0.7767835869420414,0.02894995535191784,1.0551758084468366,0.3558409691347118,0.8713337348851369,0.16011422974655515,0.8740655824767973,0.03289745754600122,0.09977694258563266,0.0215270711733109,4.051903045537682,1.1413220209927968,0.8664968570632621,0.028709704075715305,SLIC_IPOL,335088,0.8098042011260986,200
216,0.478312841607226,0.6295114196565712,0.8002972447179835,0.8262771751059969,0.029955327142466816,0.9882047396066088,0.39225241498171776,0.836486810318586,0.20465381043854272,0.9273165329240097,0.029238220376033262,0.13228729879615853,0.039877378326743096,3.902056899932211,1.7792726708068127,0.9240078516020865,0.02843365381878323,SLIC_IPOL,335094,0.8172965049743652,200
216,0.41543258742426664,0.6880665550626125,0.8034964392573689,0.8948186975752643,0.02760133040983382,0.664915382672392,0.2229508269561885,0.6649153826723919,0.2229508269561885,0.9592476732663648,0.017224539158771673,0.08272584219146409,0.022828861563360135,6.292670864882853,2.0348631572816456,0.9574371789223793,0.017028374796437408,SLIC_IPOL,344010,0.8117415904998779,200
216,0.38469475547108045,0.6237955433131493,0.7897297315024414,0.8021087150145678,0.03218933383723205,0.6242822261513851,0.16549620646004334,0.6242822261513851,0.1654962064600434,0.9389459912824399,0.022735950160921888,0.053440836509086334,0.008034278414702561,7.239569836355868,1.7842506392435948,0.9338189520152135,0.02180749107432329,SLIC_IPOL,346016,0.8678367137908936,200
216,0.6297332438099297,0.7126014004462434,0.8271970773215903,0.7451519351174636,0.03269006423036445,0.5715247958238613,0.061288846498616906,0.5715247958238612,0.061288846498616795,0.9404680021502451,0.0039337385361107495,0.0714963346269944,0.014504502384340758,4.358024174809915,0.9332427850453346,0.935677676641013,0.004506948887287254,SLIC_IPOL,347031,0.7904698848724365,200
216,0.6761622985882775,0.754808802521471,0.8380178051903999,0.7250350373471347,0.03717243199980634,0.5836063237932396,0.07505581133913779,0.5836063237932396,0.07505581133913775,0.9281429524420179,0.010245365061766125,0.06813310319913299,0.014032563294775481,4.383719864731484,0.6328591873803235,0.9221618322978966,0.009484021096417156,SLIC_IPOL,35028,0.7832050323486328,200
216,0.6882035688636056,0.719160941262734,0.821549573704795,0.8414501807921155,0.0370032002866626,0.5679069436078781,0.10578256165289043,0.5679069436078783,0.10578256165289046,0.9557023594406772,0.0071927564666398654,0.07919750839299437,0.020279001597593094,5.349340390394585,0.6604300527237801,0.9509094941983893,0.0073503488865571355,SLIC_IPOL,35049,0.7836720943450928,200
216,0.5518849667085631,0.758050511813254,0.8367916267903392,0.8893274161706226,0.01640625853672172,0.5639849051064004,0.10440007324551909,0.5639849051064005,0.10440007324551909,0.965695386256134,0.009306255202025833,0.09618029968066814,0.014088256226968392,5.34453122449377,0.7988107899182626,0.9626522069368942,0.009947676271800543,SLIC_IPOL,36046,0.7957794666290283,200
216,0.3599924660347146,0.6626491166261501,0.8031541961617932,0.8753935379510295,0.0168755409989225,0.9269154128967214,0.16012820910737552,0.8860823440262693,0.0894490402473294,0.9288324989259569,0.01581397253850398,0.10079536815018424,0.019968338679674784,4.66583485597326,0.8421465004471088,0.9254547860975363,0.015203961048136812,SLIC_IPOL,365072,0.8302381038665771,200
216,0.4914135714182723,0.6958614982981014,0.8128229525692873,0.9107073805273931,0.018910344289242972,0.9333877371260549,0.20352181413752335,0.8897966982079133,0.16678733368052082,0.9477766767486392,0.013637931269374738,0.13097138362597452,0.028191635217157212,3.986054600197552,1.0728247576151246,0.9458605634930867,0.013350778638561355,SLIC_IPOL,368037,0.8106958866119385,200
216,0.5445565763596911,0.7174003970642822,0.8231162828235717,0.9102149570068588,0.03878730514948963,0.5201961127194772,0.06582682452024899,0.5201961127194772,0.06582682452024902,0.9765428980382251,0.007066219315976591,0.07741512458108699,0.013046628856641228,7.525075406629344,1.0567032345829581,0.9743762388622201,0.007179896273243921,SLIC_IPOL,372019,0.795264720916748,200
216,0.44282197211119084,0.6552981437217718,0.7926774032598699,0.8632679347253869,0.017099075695410474,0.759066759066759,0.4787697208923823,0.6298890551227,0.22397742193007555,0.9469962413887646,0.02787688471409159,0.09707895393359582,0.06083648601893595,6.910243033406146,3.0941925494636333,0.9420056214141308,0.025794467406350583,SLIC_IPOL,376086,0.802924394607544,200
216,0.5511620559358852,0.7162315639214121,0.8246874174021557,0.9164777825289179,0.023973082445294912,0.527251766504103,0.13264305601000367,0.527251766504103,0.13264305601000362,0.9731102777831749,0.010581023361931383,0.09195352056241576,0.023514944106875067,5.925132990530102,1.2823041482813675,0.9704729351925616,0.010193570880498852,SLIC_IPOL,384022,0.7972242832183838,200
216,0.5861482347259771,0.7403868304901237,0.8256922484003958,0.8442464120790362,0.04341163405882518,0.7609795273346676,0.1741943199377716,0.7609795273346674,0.17419431993777154,0.939448578700915,0.021517173472690984,0.10844884488448847,0.029571540977699023,3.981842366259832,0.701767642034728,0.9367878751394633,0.02219803784450129,SLIC_IPOL,384089,0.799797534942627,200
216,0.4437055563072775,0.6343628062278647,0.800123358390745,0.803409494410829,0.023342130187636426,0.6185814858712055,0.19838796259803804,0.6185814858712055,0.19838796259803806,0.9405405405405405,0.01334304107769313,0.06867579294339242,0.021867849320248184,6.2421923614323624,1.8312195731608212,0.9355268247090678,0.011466479374064864,SLIC_IPOL,385022,0.8318173885345459,200
216,0.5804269015862179,0.6523218135904727,0.7985408015276391,0.8835310750075658,0.036395762175385545,0.4711057570870655,0.10438196023686572,0.4711057570870655,0.10438196023686573,0.9693395768162123,0.008961411020680732,0.070121311966452,0.017261686334489088,7.12867472460735,3.0348599147282296,0.9666139134794787,0.008502705039689588,SLIC_IPOL,388006,0.7968313694000244,200
216,0.47231620891537024,0.6966190705623667,0.8074543111830795,0.9145549972962186,0.03542681216947796,1.3890635423345703,0.620834759966385,0.9641712165076651,0.07165756698466978,0.9301014889799937,0.034378848952204125,0.1987408255336341,0.062016237879333025,3.15297273047996,0.9511717473964518,0.9288416178441171,0.034246530072496124,SLIC_IPOL,388018,0.9029829502105713,200
216,0.5222491326404706,0.6658385232263635,0.8040858348132565,0.8870830358158761,0.011219294211832154,1.3965013179966452,0.14673163253156707,1.0,0.0,0.9159293009760299,0.008644421983315291,0.21328727860659952,0.03899117229631514,2.4906879342621884,0.328805510898322,0.914491652781663,0.008526509936473138,SLIC_IPOL,388067,0.8128950595855713,200
216,0.5750030463983364,0.7325988431528091,0.8332739439881569,0.7855366334043309,0.03497919430282043,0.8410696821911775,0.18852437701271546,0.8151361282202405,0.1503008324263752,0.9249152099619389,0.010233440318240075,0.09646922868874629,0.024662403559274817,3.9581383463347044,0.9342623382905121,0.9219787320424877,0.009203993128857217,SLIC_IPOL,393035,0.7937338352203369,200
216,0.48721474488017613,0.7753069253276331,0.8334934456933817,0.7778676258771297,0.0471314946989416,0.4016916988879606,0.17351053094616592,0.4016916988879606,0.17351053094616595,0.9515197440431086,0.02471008005786665,0.06091209699641774,0.017505764353143143,7.009518987538106,2.4573459049452535,0.9424583938027503,0.024320644047960475,SLIC_IPOL,41006,0.7855761051177979,200
216,0.4950518391560912,0.694280755176267,0.8186346500361399,0.8415647819660079,0.04866467958559999,0.6199603629510172,0.053084421159961155,0.6199603629510172,0.053084421159961155,0.9548502492427726,0.010190550711924515,0.07570331882226279,0.007606726582444857,5.374416271878464,0.6918569496193138,0.9502708645621416,0.010633803376708615,SLIC_IPOL,41029,0.8028557300567627,200
216,0.46425650444887556,0.6866271591411273,0.8072531285745316,0.793600326125218,0.028866330752865394,0.6389893847837773,0.1921457857313857,0.6389893847837773,0.19214578573138566,0.9361131080757248,0.01580224484946626,0.06970731545626305,0.02451968168038704,5.713955817026289,1.7638675243378341,0.9318389021408435,0.015092798219415823,SLIC_IPOL,41085,0.8283562660217285,200
216,0.5855296840794956,0.689142199079141,0.8211122544997572,0.8574888500079588,0.024003676459537947,0.2991539346679533,0.03594245401704574,0.2991539346679533,0.035942454017045745,0.9776555851322207,0.0025830517710310487,0.045304159594617865,0.0027680134813701904,10.877020320299962,0.7270078699320104,0.9683403389010867,0.003662347684632322,SLIC_IPOL,41096,0.8141372203826904,200
216,0.39861679853293347,0.731176769589794,0.8247054017072053,0.7730306817666218,0.04228458431564889,0.3472106182386556,0.16066951979109687,0.3472106182386556,0.16066951979109684,0.9570803729682235,0.025071840288668313,0.027371886157719853,0.015505553792431818,15.493676019579107,7.477066781378712,0.9475648185928559,0.026091347133903747,SLIC_IPOL,43033,0.799201488494873,200
216,0.7082603374659331,0.7766518725165319,0.8485682797245186,0.8570766341379474,0.048617138260797624,0.22993374395243552,0.035147587883750865,0.22993374395243554,0.03514758788375084,0.9854495761037818,0.00560662902751976,0.039571748692837576,0.005862991777204401,11.721700486522838,1.699810137225011,0.9751910069667075,0.0026702125239955635,SLIC_IPOL,43051,0.7717916965484619,200
216,0.3909659457733779,0.6682996105012392,0.8007202951703692,0.6991136894499076,0.015633741386039377,0.8674736562587029,0.23809694555298538,0.809588020802974,0.17190757054702785,0.8999268139455057,0.028209930161924364,0.07303794339389444,0.01744882815638515,4.104052590074695,0.9703439657424143,0.8969646458301611,0.02859218155903057,SLIC_IPOL,45000,0.8162796497344971,200
216,0.5104576235140136,0.6420343579387765,0.7845444209857413,0.8840564061552616,0.05080353900393808,0.438741977059734,0.1285224476566615,0.438741977059734,0.1285224476566615,0.9642968633622839,0.015454022167087874,0.04521552618833461,0.01214041245422854,10.700374962203252,3.6283555816389046,0.9602482363230023,0.015865000413035065,SLIC_IPOL,48017,0.8147521018981934,200
216,0.45294008069222563,0.7005226525177461,0.8167828086242699,0.8058058341290704,0.03816082979641185,0.7105795946917441,0.1096918830026942,0.7105795946917441,0.10969188300269417,0.9327426635837851,0.009311429785933903,0.11016559648529908,0.01452636154528871,3.9908800368438095,0.47258637993527325,0.9301949434502312,0.009673165326037332,SLIC_IPOL,48025,0.8022754192352295,200
216,0.6246384759720953,0.7745075986277339,0.8342480397156822,0.7780654603021073,0.03338763949042474,0.3766853841620197,0.02355525134681812,0.3766853841620197,0.023555251346818136,0.9624147511997979,0.002016250116103076,0.04847016529248564,0.011057749539643148,7.3644067890972735,0.8332620161367688,0.954676891125489,0.002258107786318183,SLIC_IPOL,49024,0.7759113311767578,200
216,0.5113855888512189,0.7183533603171773,0.8278719821322572,0.7927873145803582,0.04634704130191765,0.8881963199720209,0.13276934573143645,0.8709852915460392,0.1095530444072285,0.9161041703097779,0.01613564989694319,0.12241801272638278,0.01166494947153429,3.6875592315251615,0.5733713509203002,0.9113402163246406,0.015226059763826655,SLIC_IPOL,5096,0.8026883602142334,200
216,0.43877410420563184,0.70925213923549,0.8145994401612545,0.9082480353139397,0.01606874843490651,1.0430178561019683,0.1630937268807636,0.9513034242006204,0.09739315159875903,0.9366273534497834,0.009215121720673953,0.121691270043268,0.01663538888520126,3.7497952337282983,0.3495020819536433,0.934789264547941,0.009073937676164424,SLIC_IPOL,51084,0.7934856414794922,200
216,0.43408568296979155,0.6939864222305571,0.8187141614361164,0.8385311235403077,0.04219386801812879,0.9790506538170088,0.2333640674112653,0.8764632353417401,0.10616774796930865,0.9120433157816334,0.022477623451935495,0.08582073059072395,0.011286717691455814,4.7260374469523025,0.8472064166102034,0.9084149136944815,0.021483028897720097,SLIC_IPOL,6046,0.8160457611083984,200
216,0.4959981573716736,0.6805600754726981,0.8040449799329271,0.807972792698379,0.03367446607116931,0.7949326753065071,0.2710840783259938,0.7378890033095641,0.1748345160952841,0.9310134001722787,0.032663856945551774,0.09810008779631256,0.021450751555321928,4.504423495626945,1.0585671341966212,0.9283902314472389,0.032489407766005236,SLIC_IPOL,61034,0.7849636077880859,200
216,0.5608380932564836,0.796529365789191,0.8545123585764788,0.8285575106636177,0.05367095237538057,0.7231416894968297,0.19424192664955525,0.7182116696135388,0.18669296060902624,0.940604011632049,0.019881547584475967,0.09857343484366915,0.0179647071232338,4.43819570359601,0.8322032193894626,0.9370421468900982,0.019460512970035208,SLIC_IPOL,64061,0.7748236656188965,200
216,0.5553141683509032,0.7062526460036826,0.8162665904030465,0.8969163456514266,0.01503254549701959,0.9084928206423534,0.32402010357022015,0.8172123237543799,0.22566983585357245,0.9484886755914793,0.016089864538187313,0.13928650729035602,0.03545595013852271,4.140816266144329,1.232938010975574,0.9463312614502151,0.015483560779977572,SLIC_IPOL,65084,0.7800202369689941,200
216,0.4973717902379871,0.7221515205891749,0.8091944284262639,0.8091602664819824,0.01696550727633567,0.4997869184785072,0.038885431140243676,0.4997869184785072,0.03888543114024372,0.9479912694865966,0.005073640119597328,0.07110111095485866,0.009002079535559687,5.728805710709772,0.45716775812478705,0.9412836473116843,0.005698292207910456,SLIC_IPOL,69000,0.7908744812011719,200
216,0.5591339813856124,0.6732903093712483,0.8038792246304653,0.8788282620133802,0.03140751844683776,0.743761374602496,0.19812801025280566,0.7437613746024963,0.19812801025280571,0.9387342050893452,0.017705754215301343,0.1255412610936158,0.0300882641317252,4.237748774302471,0.9535642256051144,0.9349708438026197,0.016834930100955513,SLIC_IPOL,69007,0.8096120357513428,200
216,0.45194347141007035,0.6960639211795127,0.8131344285744777,0.7419107650145913,0.028278290086442205,0.36137719315289407,0.10861600664790885,0.36137719315289407,0.10861600664790888,0.9455301455301456,0.010573670900503181,0.035082764056752494,0.01032467311410157,9.273568891626935,2.1522912401703995,0.9188430702449398,0.009610783861963448,SLIC_IPOL,69022,0.7942802906036377,200
216,0.6125820633819977,0.7693330459213918,0.8366697440557684,0.9035546780246922,0.0987381170203945,0.4240160361655689,0.5618603679040145,0.3106413386787219,0.30839309897529915,0.9638257956014966,0.06089811184737305,0.052356328593254196,0.0417298838389891,13.319822084685667,5.1327319960911035,0.9590551550831926,0.060101392673202324,SLIC_IPOL,70011,0.7877893447875977,200
216,0.4799564486656924,0.7049793596307322,0.8177551498870179,0.8125170141015894,0.0130066438763183,0.39930548809053473,0.043953359257876363,0.39930548809053473,0.04395335925787637,0.9545663564355152,0.003700413403847965,0.04796434648366632,0.0028024192831319038,8.741153966901743,0.9353828300808331,0.9442865724407784,0.005220187179408796,SLIC_IPOL,70090,0.8061404228210449,200
216,0.5394007821744677,0.724802265125461,0.8319411621220014,0.8441965151629534,0.006801645727030624,0.8617236934993944,0.10460853726789539,0.8558843530806147,0.09551687724770525,0.938151954974385,0.0073715392210401435,0.12575537478210344,0.010629849506913567,3.7041609577809567,0.39017281220979694,0.9360216376951795,0.0073085486272384355,SLIC_IPOL,71076,0.7954747676849365,200
216,0.5403604530179571,0.6807912735695278,0.8241481754196112,0.7409762127732862,0.027377906493353272,0.9482632884502044,0.31645441529723184,0.8341526285451518,0.1560547890527612,0.9178140037953122,0.011950223836424408,0.08885245901639345,0.027258832526791302,4.175379253148674,1.1157770730697678,0.9138906762478932,0.010236611119449495,SLIC_IPOL,71099,0.7962040901184082,200
216,0.43109541100918114,0.6598512745402231,0.8012966973354902,0.7853873910056413,0.08026418886325398,0.7116704231190212,0.39362553191764055,0.6460215607411869,0.3042626430842299,0.9270179597282401,0.04361312540316183,0.06071382282418509,0.02250226352544295,8.0086510346062,5.029378009095874,0.9203387597263641,0.0418378050067702,SLIC_IPOL,77062,0.8599638938903809,200
216,0.4336560496372892,0.6245497879783698,0.7947185737160931,0.7341228729449544,0.019659827080490005,0.8493468306552417,0.16971720904861765,0.8208161432460498,0.12045519173288557,0.8948214929523339,0.015831232356404098,0.08390531502991903,0.009661905730722939,4.245366443952337,0.4042868813070795,0.8897764053733406,0.015212827538411997,SLIC_IPOL,78098,0.8153774738311768,200
216,0.3943203495722631,0.6366679579545039,0.7832419879654721,0.8278589846037144,0.026753496391963442,1.0162406424088668,0.3946925254037792,0.8705485808289547,0.1302669133192583,0.9184239184239184,0.021098664741055772,0.10770702821758049,0.03953634173955118,4.073260754523276,0.9152691902101384,0.9136559395459299,0.019771641094254132,SLIC_IPOL,79073,0.8263628482818604,200
216,0.6632567320930839,0.7471602273969824,0.8339472240807145,0.9132007767127335,0.0176618852492932,0.7226755871615684,0.07455187082225233,0.7226755871615684,0.07455187082225223,0.9647098572332218,0.00839306868306219,0.11602512697139801,0.007511800550460592,4.696347113931854,0.7268141502404498,0.963105481838209,0.008574130281991693,SLIC_IPOL,80085,0.7754306793212891,200
216,0.5488051647307353,0.7128922525989114,0.8205840911148415,0.9262229586035581,0.0318489256855908,0.616508312769995,0.1823107914540526,0.616508312769995,0.18231079145405257,0.9686433378022162,0.010166899629209561,0.09379775549188156,0.022889672460400533,6.023072127402048,1.400456032604527,0.9660183927452679,0.009354467268693472,SLIC_IPOL,80090,0.7987749576568604,200
216,0.5914861208841644,0.765556410325667,0.8408261841610079,0.8755551403486328,0.029860577710551107,0.41033024397510376,0.07390739380203613,0.41033024397510387,0.07390739380203615,0.9761763201015536,0.005065059680400544,0.07242095545811215,0.015480637011098792,6.94081344226147,1.9316750595477297,0.9705861684833647,0.002575540455910273,SLIC_IPOL,8068,0.8996946811676025,200
216,0.4839703168413464,0.7066946291568668,0.8211143729203774,0.7428983681415572,0.01449004814588147,0.5854560527457723,0.06678776366474057,0.5854560527457725,0.06678776366474058,0.9414291358216591,0.0038485024182403934,0.07738271434963687,0.008361613215525539,4.866790909774106,0.22073343594648123,0.9388497007970249,0.004088025268664619,SLIC_IPOL,81066,0.78175950050354,200
216,0.5198385502430357,0.682016662921386,0.8017750816268376,0.7743582342475726,0.028641425666652943,1.2185775998860113,0.5563919924113847,0.8674684749451105,0.19283218886263062,0.9182414621666958,0.036816320084061396,0.12731361113063033,0.03367326220732632,3.237592171806088,1.0126212260434717,0.9167816864095995,0.036537865699663684,SLIC_IPOL,81090,0.7980186939239502,200
216,0.5304545768587331,0.7272449075306188,0.8206494059768626,0.8477406184735644,0.04327645682861512,0.7049967292957946,0.141309325613809,0.7049967292957947,0.141309325613809,0.9462360995071275,0.012002845501690642,0.10649209736337661,0.016825590362804753,4.65871760319529,0.9555320788197175,0.9442283699635581,0.011842842214288107,SLIC_IPOL,81095,0.7831101417541504,200
216,0.4194007169445748,0.7016012745773774,0.8220975635670468,0.8780456414682651,0.06206811293627059,0.4955628525721984,0.09977139900675995,0.4955628525721984,0.09977139900675999,0.9556401836775669,0.013433748586739316,0.056785338938518136,0.010668325863137994,7.653704726308402,1.259904509583807,0.9462872738106386,0.010862967367253992,SLIC_IPOL,87015,0.8230805397033691,200
216,0.4666923889008619,0.7037766033523513,0.8162981023863034,0.7520722751366072,0.05283947691923223,0.9081651025576261,0.13399410840597806,0.9021547787902927,0.12930383871411583,0.925959028762767,0.019893946457018807,0.10346686432397831,0.01914129345273075,3.7908529323945297,0.8138998445829853,0.9232891985414963,0.020715251568473883,SLIC_IPOL,92014,0.9204354286193848,200
216,0.38990345865955806,0.7070821136954019,0.8205237508976733,0.7297362139779254,0.03140231149492649,0.8847598137317764,0.2491857873945139,0.8377963873290974,0.20856711305757092,0.8971392672327252,0.02226467763053463,0.07117850790976318,0.023916191644910493,5.063723705748863,2.269897220570942,0.8925225833555226,0.021777434962696064,SLIC_IPOL,94095,0.8181943893432617,200
216,0.5442156213442828,0.6595801265032302,0.7978035711938509,0.8260887436187208,0.027841542422828287,0.6354803401532373,0.11140289895305783,0.6354803401532373,0.11140289895305784,0.953151857824755,0.0043676806374890915,0.07197851387645479,0.017944994058912603,6.196040840139863,1.4308275837280289,0.9501050916594442,0.0037954158233889303,SLIC_IPOL,97010,0.8387777805328369,200
200,0.47704439877541416,0.6921983529595593,0.7776488752417114,0.9160592761255353,0.03743279058151826,0.4080983931451222,0.1376960177172116,0.4080983931451222,0.13769601771721163,0.9423177311027778,0.018980338948255727,0.08613043606974748,0.021801847123313088,6.860373243197562,2.1336757793285934,0.9352729385439664,0.019024627101040928,SIT-HSS,100007,11.560819149017334,200
200,0.38001587153637556,0.7008574410522518,0.7871151417222111,0.8935070161813876,0.04968302411282735,0.6312990200840669,0.4197956829070208,0.5513513513513513,0.2809360592111712,0.948907066664076,0.03892051025338539,0.07056818494186207,0.031980279073421276,9.914730449595961,5.4788197793905615,0.9453643866727981,0.03817416619636547,SIT-HSS,100039,21.406407594680786,200
200,0.4871470783893305,0.6945248996089913,0.7873402731884757,0.8053416588402028,0.033599122305245054,0.47851503552438135,0.04851640478370164,0.47851503552438135,0.04851640478370164,0.9383475495625028,0.007370244886388731,0.047198707592891756,0.006302171183907377,7.948657586978131,1.0585499998120054,0.925766518289883,0.0074253759295479565,SIT-HSS,100099,10.932787418365479,200
200,0.5182060850230309,0.7036870763352736,0.7853671502133855,0.9353868837011454,0.029455033233947384,0.5091832306785578,0.12638963533995884,0.5091832306785579,0.12638963533995878,0.9597036288625074,0.011141472181499218,0.08008516102869115,0.02387201803285961,7.7772426141117235,2.281539390623321,0.9563004538682331,0.010689621108410334,SIT-HSS,10081,13.401684284210205,200
200,0.4130977210994102,0.6568466351075644,0.7746586552252855,0.888481025920386,0.013751731866224429,0.5797812190335554,0.0607281991959187,0.5797812190335554,0.06072819919591868,0.9613059500909967,0.00733142210476016,0.06407014681892334,0.00871447595752044,8.050003788790585,0.38381631993860527,0.9574405219265028,0.007284673949077778,SIT-HSS,101027,24.116355180740356,200
200,0.3238638127261096,0.5901634511755506,0.7280660456472189,0.9511801237688536,0.05296764812942451,0.7325805316459522,0.3362926162877844,0.660639071854025,0.19592502252235738,0.9680518045004026,0.02733143288824933,0.09723235861755786,0.014385483695165202,7.498743506669167,1.7601727074426634,0.9665965287034552,0.027549161334244555,SIT-HSS,101084,146.42670607566833,200
200,0.39896877928803887,0.7010112056584409,0.7898774350093715,0.831911862640603,0.020412727638764942,0.8804437795092002,0.3307699576933798,0.8009935168813673,0.2564599526938379,0.925674056515178,0.023335562731585817,0.08287620895434636,0.029102676228679698,6.988733640871923,3.6516079966164177,0.9228696214969887,0.022260841954600083,SIT-HSS,102062,10.985780239105225,200
200,0.3431113929237013,0.712441199234831,0.806019855553539,0.87114170326531,0.03326501135842792,0.538241332633856,0.2004197923671597,0.538241332633856,0.20041979236715973,0.9565961360353883,0.01864316065867449,0.047718532377091775,0.013679795883545228,11.464085806004869,3.3705050700579164,0.9485351868529444,0.016217051120230985,SIT-HSS,103006,152.99926090240479,200
200,0.45068727432018835,0.5943511406636687,0.747686613321074,0.8925172296838377,0.02832491773892757,0.4479415612593183,0.13040663133177222,0.4479415612593182,0.13040663133177216,0.9720646239337828,0.009757521558209586,0.07598532422024079,0.013752157287675332,7.541065832031951,1.9284721733511911,0.9680867383330967,0.009911172349718196,SIT-HSS,103029,139.81855702400208,200
200,0.35268196742791524,0.6528754196389321,0.7579584739822369,0.9300355547971458,0.009703302028487008,0.7414770629723901,0.1592788867051001,0.7414770629723901,0.1592788867051001,0.9511181922396876,0.00765395137079383,0.09893605169340464,0.02407596280344418,6.6990619351333125,2.1581919378362913,0.9471064080877163,0.007506120995326086,SIT-HSS,103078,157.02459406852722,200
200,0.39439258617853484,0.6340529091264566,0.7482918000723611,0.7384879786324049,0.038650057228497466,0.6981405560844813,0.2403239552661223,0.6881406208509012,0.2260939217871613,0.9193139940803492,0.021376726887903187,0.06698561601000626,0.020557515866847058,5.860026528224018,2.2168391307043818,0.9113156823328523,0.019924100066886434,SIT-HSS,104010,43.950822830200195,200
200,0.41404796773651964,0.71892777218919,0.7813317473614325,0.8182578712928038,0.01616692250098669,0.571240903016604,0.08863298891671278,0.5712409030166039,0.08863298891671274,0.9376687974818815,0.005937872833666599,0.06480852362805628,0.005176277231753926,7.412309822805604,0.5985967351969664,0.9330767332092381,0.005571211941434206,SIT-HSS,104055,10.962325096130371,200
200,0.3188796987914199,0.7048573356983473,0.7933324684594197,0.957966877775579,0.010365154620676154,0.43324330800966315,0.04304382492205113,0.43324330800966315,0.043043824922051166,0.9709263541039241,0.003229887789246365,0.06694307543873372,0.004848267801686375,10.155052070885555,0.8634407992585131,0.9639372436640589,0.0022377692897165473,SIT-HSS,105027,132.30423498153687,200
200,0.4943964222917793,0.6729203519691862,0.7785812089714378,0.9390110080037326,0.03300325584482409,0.31970129727139074,0.15791928962987298,0.31970129727139074,0.157919289629873,0.9747113036832662,0.010849301821930673,0.05592161414769041,0.015391731844595979,10.42924674532871,2.562681873207079,0.9697245915937506,0.010902223271116873,SIT-HSS,106005,190.12721610069275,200
200,0.42928309208677634,0.641677936699584,0.7448480785568252,0.9585789513133415,0.01641982672557096,0.2759761918640423,0.11448215636226694,0.2759761918640423,0.11448215636226694,0.9777890039572282,0.010263376292962284,0.041094185094185096,0.012736207556742611,15.77875260579042,5.355139798418688,0.9678046558420391,0.011234411150980658,SIT-HSS,106047,143.03296756744385,200
200,0.3371347248983417,0.6600090687305545,0.7650370157153261,0.8228750257883165,0.0397216946766179,0.7970090867287128,0.1750197409356795,0.7852021683797384,0.15812050946869805,0.9275250807961088,0.0241239894482201,0.08132684846166457,0.017908521820449767,5.9571083152628646,0.9974533519418374,0.9227210836719173,0.023911201302008914,SIT-HSS,107014,131.49113535881042,200
200,0.4292421420081957,0.6813684990257403,0.7926513666793278,0.7498555170895391,0.01569578215793254,0.6786238431098244,0.18702717582657255,0.6683389356286552,0.16653480262620218,0.9202194286306437,0.0212170412125214,0.06895236904613077,0.017374377057979243,5.564435864444868,1.0058883028341108,0.913929991968813,0.021062708211614878,SIT-HSS,107045,11.458518028259277,200
200,0.3333165871885421,0.6738029050504795,0.777109472939119,0.9333938957799193,0.0285199555506954,0.7933090736829056,0.23390391942646852,0.7467225878440831,0.13450141410709698,0.9424309798141575,0.018712442926942904,0.09276695220299773,0.014375869524793842,6.463669504192808,1.0598899865135283,0.9390699153165054,0.018136960043689584,SIT-HSS,107072,21.23977279663086,200
200,0.2329163101579568,0.6520033733073947,0.7678854522270673,0.9144293559669616,0.056240414441972156,0.5160808543986114,0.478059394490942,0.42264622638454413,0.29279855817947836,0.9642903867202932,0.017279242705458477,0.05725219514485608,0.049760113103574796,14.1709266668016,5.4654446988541325,0.9548047593546849,0.013817090522584417,SIT-HSS,108004,81.41058945655823,200
200,0.34517585564178416,0.7101507398931941,0.786647782135817,0.8323113327789364,0.022729706189582404,0.7492386707339979,0.07356127107738815,0.7492386707339979,0.07356127107738812,0.924448675850545,0.008481021999783192,0.07178494385751424,0.007859295980831477,6.492372446626719,0.6019598291813486,0.9188081825752565,0.007976736453355449,SIT-HSS,108036,50.85958814620972,200
200,0.33769941542237697,0.6429374511308024,0.7649357842128522,0.9190115505845284,0.020748631196669712,0.236555462723687,0.032877696285691746,0.23655546272368705,0.03287769628569175,0.9809081547399303,0.004540227480152962,0.027572335718185216,0.003908706187833813,18.814704809155767,2.2473695150781503,0.9696663234046413,0.004015517302975727,SIT-HSS,108069,146.34772539138794,200
200,0.474096234927895,0.7157509218046817,0.7892030731818767,0.8187692721977904,0.07988430705010045,0.44907869767682856,0.20278882676736681,0.4490786976768285,0.2027888267673668,0.9485417840558028,0.02648539144647174,0.044487970489341555,0.010111870759257235,9.856694848204475,3.4096389439626535,0.9295211458762859,0.020456849987528183,SIT-HSS,109055,11.586167097091675,200
200,0.3875807166504918,0.6375599650587418,0.7561243996799345,0.9338797712084874,0.04234416180290594,0.3108906893953623,0.08666674287828391,0.3108906893953623,0.08666674287828391,0.9718287662212896,0.0098307913610812,0.06057854324948794,0.006136336307433714,9.097261030935162,1.5670546113760586,0.9645769601377077,0.010736932243111556,SIT-HSS,112056,136.39893198013306,200
200,0.3779962612008984,0.6964409313358217,0.7898255862590275,0.8388468682163193,0.01212431636058587,1.1976735901969546,0.3434316072055893,0.9753094215711038,0.03428943719791547,0.894265581181469,0.016465283464281836,0.12088043543274118,0.038646104077046356,3.8803914829333643,0.9064576281127582,0.8903194884749237,0.01551076126191326,SIT-HSS,112090,21.757639408111572,200
200,0.26938945372622064,0.6598872931133579,0.7588418186188688,0.920237007888528,0.023300947643433507,0.7182505294654827,0.07173227876442598,0.7182505294654827,0.07173227876442602,0.9619743395444329,0.012121460984607148,0.07163985047944092,0.016989919116634115,8.443428132783197,0.7261545311419235,0.9595955089541679,0.01323910243647677,SIT-HSS,117025,181.67440629005432,200
200,0.5285355905810549,0.6748529490568795,0.7981495008345145,0.867487295337004,0.030275929325617162,1.004676135517257,0.3407439525834598,0.8506667702929385,0.17393703600781438,0.918311409900195,0.01875751514997977,0.10567643126291477,0.035070307758136986,5.40900347898462,1.78553427855212,0.9137841307467474,0.017314742876232532,SIT-HSS,118015,15.028561115264893,200
200,0.4193181166865523,0.7096933270320254,0.8002900849494515,0.8681310385647496,0.0439414517478189,0.8993231909119759,0.3195605198065749,0.7938743920052331,0.1860170975069228,0.9376169843459564,0.020659361105589292,0.077896168669236,0.0249743230667963,6.832176078393033,2.3235226582046176,0.934619486421241,0.020254196315562745,SIT-HSS,118031,29.84881043434143,200
200,0.3558919524495094,0.6901994893682267,0.7837766191692651,0.8720553513596374,0.03870452315265867,0.9266423144927819,0.3783239026619525,0.7817976135733146,0.19256749544765744,0.9303955285263696,0.021659548649713516,0.07995081577068515,0.0276101175765136,6.763282251606949,2.7329500661124997,0.9262298792102758,0.02053277941401579,SIT-HSS,118072,57.09191584587097,200
200,0.5534154313471218,0.687795275990505,0.7755041005868887,0.8927038058033471,0.019405747544502156,1.1298620691144057,0.31138909225392647,0.9084451093796888,0.15346271556139177,0.906094088337079,0.02300044956581699,0.1637736894986661,0.039958268733658694,3.553071991954584,1.0835415026162893,0.9018715141486253,0.021847172520814143,SIT-HSS,120003,9.530466556549072,200
200,0.5596242422012553,0.6835285011772877,0.7834668354211288,0.8852408107703822,0.04632897203617638,1.2649412892403546,0.4581025847731711,0.9344550877261157,0.13108982454776846,0.9068373909495404,0.043587185764127304,0.14871827736477827,0.02951223355692677,3.854989571096367,0.9027481049777903,0.9040817840530279,0.04331186916277554,SIT-HSS,120093,16.42773962020874,200
200,0.5000849661696107,0.6667235364296176,0.7773733226012354,0.7960339973795876,0.03191949369812372,0.7346701122402057,0.1338155287645345,0.7346701122402056,0.13381552876453448,0.9273035796400283,0.017341142155746996,0.0688436189334931,0.006697217665581102,6.017249962812372,1.1225644265296661,0.9226851161879918,0.01770798599683358,SIT-HSS,123057,12.583183765411377,200
200,0.5732603218171913,0.6644987269028021,0.7812005270707212,0.8938155818305813,0.02611261587431976,1.1651077389395146,0.29226692288022393,0.9575689276623855,0.08486214467522878,0.9036184998801822,0.02247219413035582,0.16562669929309407,0.023741683421938952,3.295735031053094,0.43406092374927063,0.9008710892319337,0.022409251461924764,SIT-HSS,128035,13.479084014892578,200
200,0.5069004149318798,0.6643364799652905,0.76544677612452,0.8162411062519247,0.04164310608664708,0.6369259266455527,0.28046141069321684,0.6127304874968427,0.23995127409078684,0.9348022357368151,0.029755831225045354,0.07852877652140769,0.01135504458675224,6.002812131962761,1.368283104148045,0.9227551811663959,0.025390663683709236,SIT-HSS,130014,12.284289360046387,200
200,0.5447329264744505,0.6601210359945464,0.764418636800021,0.7624160951631787,0.05141003621186173,0.6690785681439887,0.1923366647347434,0.6620850901224732,0.17908477509602463,0.9333372193185276,0.018557575719639723,0.05838089074542566,0.012809692416214052,7.037597502028019,1.5797187999506825,0.9278574709200157,0.01725704391319725,SIT-HSS,130066,13.874807596206665,200
200,0.3368484324063166,0.6719500554051335,0.789325796339433,0.8985515089999395,0.05832711044249629,1.3736158876345792,0.9522350863380219,0.8097594359276602,0.19537270016770264,0.9140042270883394,0.05335223190728438,0.11923890246650375,0.06416451797720618,6.46985300983767,3.5764874590462283,0.9109331918333652,0.05200814368711427,SIT-HSS,134049,146.09454655647278,200
200,0.26045225367663527,0.6842516087498157,0.7836534783007246,0.9247258097631242,0.003910514736140168,1.1317133092834026,0.14843146663220336,0.9858345045260934,0.02003635304277955,0.920330826872883,0.011028407902261093,0.10409928225980347,0.013380241185718863,6.0491944040481185,0.8043869843648098,0.9166678348279812,0.010687527428376337,SIT-HSS,134067,157.73338842391968,200
200,0.4650599334935039,0.6839768853544691,0.7684915616720621,0.900363135820538,0.01533978640542329,0.7199867012951126,0.27223146698700906,0.6907759664769011,0.22754848711753217,0.9284870780197885,0.029711955119894228,0.10032904488053596,0.05172543993543397,6.4878171116449534,2.1943626838856125,0.9244189915873958,0.028853738783110063,SIT-HSS,140006,5.652293920516968,200
200,0.589309216046346,0.6806260863239122,0.7837852709140581,0.9212729904504962,0.006789635898382884,0.7839107259668008,0.21185081317521973,0.7657346778842105,0.18719844184629114,0.9363333139034072,0.01801535238699611,0.14520360754304457,0.034393448931957935,4.27771096316075,0.7726033271644254,0.9333530195954605,0.018051431501052848,SIT-HSS,140088,16.608080625534058,200
200,0.3574374347796303,0.6725444174313518,0.7821438933846273,0.7961952093865913,0.017428206945387208,0.5507321843770442,0.20944812245604408,0.5507321843770442,0.20944812245604408,0.9347672618700656,0.018947560209948644,0.049675940339059796,0.021485957290216413,8.880161312197156,4.278004171897103,0.9269179454298071,0.015181816634551076,SIT-HSS,14085,100.45911860466003,200
200,0.25325091860391064,0.6622047634710456,0.7517939021049183,0.8170699732366441,0.03649719304983707,0.548453917612796,0.08997656483674474,0.5484539176127959,0.08997656483674467,0.9433056348944199,0.009608878321100767,0.05002120488381956,0.009753386712094672,8.584305149803322,1.6428794800227207,0.9395528229150477,0.009170880680181615,SIT-HSS,14092,125.44882941246033,200
200,0.3432842154346407,0.6715427853620657,0.7688262556560727,0.8316955027447962,0.045248590292189445,0.3550572858984074,0.06948291396715854,0.35505728589840746,0.0694829139671586,0.9638603376921134,0.009376891131479477,0.030625175217269412,0.006321838458846366,14.854052587807493,3.001596579912142,0.9500383397579659,0.0059695687978937135,SIT-HSS,141012,29.861051559448242,200
200,0.23471111153559165,0.6761185358732088,0.7907308157868954,0.9470308115346555,0.0194774351153031,0.5175549381156859,0.17267306927181442,0.5175549381156858,0.17267306927181444,0.9595365314991483,0.016403182180549584,0.047556915927522966,0.014513015350596561,13.540235247348136,4.480385421281434,0.9503427223053389,0.013642448961108715,SIT-HSS,141048,154.55076003074646,200
200,0.40666635983087623,0.661141680693253,0.7699503407173967,0.9298357570528151,0.023620869321959826,1.1564031321040666,0.35733202052124796,0.9183774716484997,0.14906099631104616,0.9313255743162285,0.024483346253992195,0.11198878627968338,0.022655978834493426,5.336958121497868,1.7160221383542629,0.9289820683841405,0.02413439275444878,SIT-HSS,145059,164.8921525478363,200
200,0.36835765137031645,0.723315094760773,0.8116220915447232,0.8701590126207961,0.04180705953652143,0.8159960103885338,0.2810024317182681,0.7665351908342564,0.21466754377598718,0.9292141890272732,0.023566781615394078,0.09037737937140326,0.03213261270969864,6.0223938222314155,1.891671646806788,0.9258502176446106,0.023535719453952587,SIT-HSS,145079,28.401264667510986,200
200,0.5159183456069711,0.7143427191684913,0.7852089765202814,0.8925624308845229,0.012704676644978421,1.2853491881529264,0.3490838413884792,0.9684820694166488,0.038611562414034475,0.9075342776277356,0.025215752862742923,0.19974463223681999,0.053077995206037634,3.0776052604297903,0.7008227380441815,0.9049950779474474,0.02461194636300029,SIT-HSS,146074,6.353945732116699,200
200,0.432318541405265,0.6939730627546649,0.7879720953809422,0.8783044442868928,0.026679995142078854,0.9046780785098543,0.19890766906761065,0.848916781627062,0.10137938403001034,0.9365457477607009,0.012820837368313081,0.09519716885743176,0.025296681714243516,5.522440855508495,0.9955779463620766,0.933178932337811,0.012389611734162151,SIT-HSS,147077,54.551148414611816,200
200,0.4807347450280193,0.6974350772854899,0.784670862602324,0.8929096358372973,0.039194754512566786,1.005979235885778,0.25254559142127847,0.8996237071003426,0.155517837632261,0.9227945414861303,0.021901160965667105,0.1239019851116625,0.04024427689963908,4.7202648077460285,1.3711299625723112,0.9196365526466703,0.021459558145234484,SIT-HSS,147080,12.971308469772339,200
200,0.5144467630338129,0.698524274703407,0.795742331288494,0.8779843320632565,0.018292547156309073,1.3115497956619453,0.2545041552038892,1.0,0.0,0.8969877138101436,0.013076942534677444,0.14434912854030504,0.03177738616396716,3.6754857216330934,0.5829568133331252,0.8940067539720408,0.012493818594456278,SIT-HSS,15011,16.06350326538086,200
200,0.37356462623853276,0.6067638444666188,0.7287788896395366,0.8536864743487476,0.024737571623757313,0.6375703525236235,0.1478345528073002,0.6375703525236235,0.1478345528073002,0.9453360621584922,0.012182560380351936,0.0763686404883233,0.01567986847267242,7.4384499569366085,1.890769058877183,0.9419726948456257,0.012089072663170084,SIT-HSS,15062,163.18925642967224,200
200,0.5291135211391987,0.6933409173521523,0.7843127614979816,0.8351341446977418,0.03172286754087076,0.7451557956230853,0.23575623175411783,0.7371675053918045,0.22611188643974675,0.9410975317517373,0.02107273210253302,0.07769169115682607,0.02129621443489549,5.8917472957754455,1.7418264295814865,0.9388162116437637,0.02113720495720183,SIT-HSS,156054,14.704135656356812,200
200,0.5881677615757378,0.6672929576356821,0.7838847932124828,0.8893204684379002,0.02580988841607502,0.8700034326202551,0.27491812590330755,0.7876153651854587,0.17421934750546103,0.9272478805189086,0.017469828593443176,0.1096733536393236,0.025234337001903848,5.410265980543217,1.3876005839804364,0.9228519895628002,0.015931966966130792,SIT-HSS,157032,16.352391481399536,200
200,0.5061039276046574,0.6961058019204417,0.7777692535816377,0.9059754494783336,0.014522912799676433,1.2334997830324934,0.4097837464184182,0.940024999838084,0.07619520558566747,0.9095407413164421,0.031800005356589084,0.1505572308902583,0.030239475289649476,3.867129302888313,0.8977621517041896,0.9061147072153368,0.030963387676754085,SIT-HSS,157087,22.63305163383484,200
200,0.5449800854892853,0.5582582268123139,0.7133859281029663,0.8357641403387156,0.06882257504511717,0.6762801622614707,0.23145585835329663,0.6762801622614707,0.23145585835329663,0.9413162263629554,0.03207835935374603,0.08133365011483329,0.02605578927294335,6.909154257655801,3.8128913036321515,0.93653099139725,0.03190255323661012,SIT-HSS,159002,114.38476490974426,200
200,0.564090961736819,0.6674339330762835,0.7928012392516219,0.830704971502688,0.05319635863183985,0.3885816801704652,0.0359131520265405,0.38858168017046524,0.03591315202654052,0.951160938076826,0.00122864749344763,0.04802895431869314,0.008003746520782439,8.54727404282816,1.2405727873814152,0.9404090261566898,0.0047467388909727985,SIT-HSS,159022,16.520954847335815,200
200,0.5042777938646252,0.6644040399394187,0.7572734084522199,0.8650264844339401,0.03838090427363632,0.7465314343819016,0.16781011540512847,0.7326234933711568,0.14124163046334193,0.9369848640876677,0.017136984496620912,0.08703838758867599,0.01723550949426022,5.572500940467863,0.972667913120329,0.9328033709371037,0.016386212455309104,SIT-HSS,160006,14.811620473861694,200
200,0.519721815062523,0.6544310589962011,0.7726831544072577,0.8568797600470198,0.025965636648933182,1.1951865596725408,0.44982686634925817,0.8757495093943692,0.2485009812112616,0.8980757896645747,0.03042163402866793,0.11502727611561007,0.03850365224034272,5.101552965932514,2.70103299597601,0.8935996249859093,0.027211031836109588,SIT-HSS,16004,27.13633394241333,200
200,0.5419051086181458,0.6991357302248314,0.7938458357900091,0.892991590039262,0.014255280441705737,0.47699431998497416,0.061604963354762655,0.47699431998497416,0.06160496335476267,0.9537140303495445,0.004231359486109406,0.05200893579823227,0.004440723791640195,9.447219541392636,0.5176356778089174,0.9469197302051366,0.003734951820003376,SIT-HSS,160067,15.926065921783447,200
200,0.3406805617039195,0.6928818811782428,0.7696791087283074,0.896341190906316,0.013228368026721839,0.6102615915700028,0.12471337590763408,0.6102615915700028,0.12471337590763404,0.9535808274126031,0.007351072747479296,0.05000660589245607,0.0076791590817238235,10.050903915543593,1.1003096429128396,0.9480086093197695,0.005956480437215151,SIT-HSS,16068,179.39218187332153,200
200,0.5045808434737767,0.6542865174377077,0.7695662408703504,0.9333734810683905,0.012750267488852116,0.5511352473969297,0.10613995063842163,0.5511352473969297,0.10613995063842159,0.9629881499040378,0.009458822186594041,0.05879052369077307,0.011562457043868152,9.515295884582939,1.9716531626578415,0.958082007102496,0.008732163656651424,SIT-HSS,161045,34.59992718696594,200
200,0.5018569905727222,0.6753216646989434,0.7786766580209032,0.8337645644521204,0.04735589369760061,0.9780843388320024,0.3528491602212626,0.8361616828906548,0.14231844934977464,0.9011910544620825,0.035965342289022574,0.09798563447725459,0.03127489847266489,4.734686228240038,1.4162699129568865,0.8966553985493274,0.03557966532814788,SIT-HSS,163004,13.82764458656311,200
200,0.30448581070614816,0.6673757437108292,0.7721475500203246,0.9402402440294999,0.014047394490584267,0.6207783628344375,0.11470162224777485,0.6207783628344375,0.11470162224777485,0.9574057162842209,0.003648808355157813,0.06356881599227071,0.014663584810120433,9.846153671515992,1.7613289832681829,0.9532563969947146,0.0023130679826960376,SIT-HSS,163096,141.98299837112427,200
200,0.35298450554894467,0.6920011473341139,0.793821870033007,0.9648596772364371,0.021115289224085388,0.28792948232200566,0.04822943324697937,0.28792948232200566,0.048229433246979356,0.9797812190335554,0.005827868597100906,0.04136327093143448,0.004848851853659698,14.549713057743364,2.24759904005259,0.9746511788567862,0.005364817358630723,SIT-HSS,164046,55.33364248275757,200
200,0.42015574741618666,0.6695195661370135,0.7774373377158899,0.9585686174993185,0.015597060114410555,0.5478051739733982,0.0994851261875835,0.5478051739733982,0.09948512618758351,0.9688937679591886,0.00599266784797027,0.0742708648703199,0.012674069036182893,8.19680242803948,1.230620741280755,0.9661487082058081,0.005394969292678048,SIT-HSS,168084,165.78034448623657,200
200,0.3132742376766626,0.6538941927876474,0.7777199249155838,0.8825639376407061,0.033492746312289615,0.9547230911716893,0.1145891620815846,0.9245587787643862,0.07512545497080846,0.9241611129461598,0.014273974475948787,0.08032498372670507,0.015640243841953092,6.753085978041412,0.6772548933872056,0.919218012451014,0.014429643698152443,SIT-HSS,17067,182.11513948440552,200
200,0.4110088411495309,0.6914998426867447,0.7845877680615508,0.8673236635846241,0.054121707053295054,0.6253802328568684,0.19131965947499366,0.6253802328568684,0.19131965947499371,0.9427087043909474,0.029528368786224734,0.06709634001138894,0.00981788183742205,6.500003829522498,1.5495905709478779,0.9364766576714292,0.029668706049649676,SIT-HSS,175083,54.15598726272583,200
200,0.5798359241277822,0.6709446831453322,0.7735670104217395,0.9415131303509974,0.0358664694911829,0.45810195529821696,0.23895660481439784,0.45810195529821696,0.2389566048143978,0.9680636783440522,0.02068452727925013,0.07964819438750792,0.036936023306368186,8.358738535942546,2.4586216044578184,0.9614831698190155,0.018584561958567503,SIT-HSS,176051,16.385753393173218,200
200,0.5648873600786619,0.7030842846551872,0.8081667745004422,0.8636934053641051,0.019157648428229774,0.8530657184862793,0.1018250589173395,0.8530657184862793,0.10182505891733946,0.9435469977526052,0.00478179316253239,0.11670845841426805,0.032573058558184605,4.389100006162749,0.8186518965885204,0.9408706551955024,0.005080011780325424,SIT-HSS,179084,17.28999400138855,200
200,0.5642076234163713,0.6560837743338137,0.772248558451913,0.9153846313827659,0.05785774478387427,1.0111603335902402,0.7380009558737489,0.7415107415107416,0.258002857840811,0.9346949393678367,0.06220563859855876,0.11713268220443568,0.05221368070453765,6.646450923257881,2.6979000825679034,0.9320654163800582,0.06200154641519314,SIT-HSS,181021,34.1613974571228,200
200,0.4509382497049939,0.6142386910783614,0.7409117762567206,0.8981997936458439,0.020407753755906106,0.513450042422005,0.18113931353901236,0.513450042422005,0.18113931353901236,0.9610598376953516,0.01618390298743615,0.055076863632600115,0.014174732108548891,10.238602112108584,3.0349237634412964,0.956821056663653,0.016023403784402215,SIT-HSS,183066,29.832564115524292,200
200,0.6017473096179483,0.6804234053114202,0.7950932875018121,0.8812270581869166,0.014889529040265933,0.7496702309786422,0.13075103642451408,0.749670230978642,0.13075103642451408,0.9328275075938627,0.011670601414313796,0.07938815797250494,0.01197619346131719,5.74379101748422,0.6126311632232647,0.9291317431978406,0.011657472217033038,SIT-HSS,185092,22.014732122421265,200
200,0.3811132740786225,0.7118562768987883,0.79681620044277,0.8475543761623626,0.019323043308931472,0.7801724082097914,0.12749785004638337,0.7801724082097914,0.1274978500463834,0.9281662683531842,0.011066288822493416,0.0708539245189255,0.01413704877239459,6.502581211272036,1.1716512323754695,0.9241659780840223,0.010564749100652693,SIT-HSS,187058,25.4179368019104,200
200,0.22347080699713234,0.6087573906729996,0.740425247285851,0.8778935294936758,0.016862730171393153,1.045239344304765,0.30699413576682466,0.8773505352944605,0.15822627449066679,0.9292919087311612,0.00766155770672529,0.08011078704966534,0.022682922846731398,7.356127405212115,1.9251970825696751,0.9232998521012019,0.004805410045859772,SIT-HSS,187099,160.8462872505188,200
200,0.4857784287011732,0.708002120881996,0.7854633613361064,0.8574636076949338,0.01549840163151283,1.3057247038555448,0.41635706409581513,0.964884942455036,0.0702301150899281,0.9017337970608998,0.027984778654052,0.16615055713915522,0.03580358561554866,3.233677663571009,0.6645173928791408,0.8997792235976236,0.027683032719076572,SIT-HSS,188025,14.152051448822021,200
200,0.5280443514852311,0.5937078953391944,0.7332460074749341,0.8363662827422009,0.03143367648970764,1.1700170335684354,0.1841128982998622,0.9803032363780027,0.039393527243994524,0.909036858569569,0.014758286685809845,0.11123942332134946,0.01428989730758861,4.0708495878962,0.5075489292921549,0.9059078728424108,0.014475203685730999,SIT-HSS,189006,45.18954586982727,200
200,0.5328319749689757,0.682728487576025,0.7846329675240099,0.8551855599854636,0.016091066748342788,0.9100251941373436,0.09799940285319034,0.893118567884923,0.0696170816857442,0.9303566686744256,0.0044983232417786356,0.10401386851580212,0.008653526631599585,4.565518192145603,0.43599610481118717,0.9274698027693515,0.004379704588941084,SIT-HSS,189013,13.292385339736938,200
200,0.5502889278217116,0.6869423846501508,0.7834828088828261,0.8724581979331256,0.03920314927647955,0.9360030051618835,0.10422126413932176,0.907675468423132,0.049209972848940166,0.9065822112551085,0.009575140240751918,0.10291624160129456,0.01245478990111257,4.943006854649139,0.42083813856376706,0.9020985575362275,0.009760077147983845,SIT-HSS,189029,61.33427548408508,200
200,0.4328999106542438,0.656392281061375,0.759835574311212,0.877537877157827,0.028519001507273673,0.8274039675908834,0.24570031604269393,0.8056025112099879,0.22569849762395472,0.9443559303372387,0.010660535501966755,0.10532078881624408,0.03632545325355719,5.544666802568533,2.2823599345588055,0.9413364454094432,0.009286607797229684,SIT-HSS,189096,171.1535587310791,200
200,0.6507254930046734,0.6229760501052382,0.7769173399860507,0.9030210666371861,0.034877757003171715,0.6267044902558923,0.14018147791057958,0.6267044902558923,0.14018147791057958,0.9540067745675221,0.013811590884678968,0.11513480392156863,0.015704051397714136,5.110814874185946,1.3721667058003784,0.9489355947299876,0.014554102002253532,SIT-HSS,196027,16.655593872070312,200
200,0.2448839887235944,0.6851031152560803,0.7641953028586289,0.8840512520798993,0.029271149349427605,1.0538817753771024,0.3183865689068531,0.8801225380664632,0.17609830985393918,0.9243787281170459,0.017060161995555406,0.0901550940369017,0.025741183632551474,6.497936953863399,2.4679678123921476,0.922305072261301,0.016229060408294034,SIT-HSS,196040,134.2436032295227,200
200,0.31473181660715677,0.6897040199138057,0.7957923985113232,0.9228952983286707,0.03861879251465792,0.5857578642625372,0.0773160458288402,0.5857578642625372,0.07731604582884022,0.9593111443578733,0.01220682294703491,0.0703347043321922,0.00850746647368988,8.0181608351641,0.7407045007403714,0.9524897830972602,0.012574100423400248,SIT-HSS,196062,137.15600275993347,200
200,0.2397493308287041,0.7154760042068632,0.7921690573886718,0.9248475304928491,0.01859785182951546,0.7848938802209829,0.09432456500664296,0.7848938802209832,0.09432456500664296,0.9361014501201417,0.0086923726123759,0.05398925690109298,0.0067756080832300745,9.788266176008792,1.0284057197303098,0.9302166436745877,0.008303200246747827,SIT-HSS,196088,139.32655715942383,200
200,0.5954332944092211,0.6253596605241871,0.7571560329743162,0.8870402625285374,0.014341159543715214,1.3906375822263672,0.3240117072490879,0.9654320028151804,0.07729639155127795,0.9163487714889583,0.015751236559500042,0.2049317839784867,0.04193397366675539,3.0511611605019944,0.7476646046444086,0.9142189370758494,0.015094126827544657,SIT-HSS,198087,15.687883853912354,200
200,0.5183738501196954,0.6503653478165081,0.7598292764009438,0.9201853530912348,0.03186736487530071,0.6869223644924579,0.22293959256870105,0.6637219534415797,0.1772207345514806,0.9471203770269191,0.020613284366118145,0.11077789005878454,0.025998656821534107,5.46404802882391,1.276489283175229,0.9439200263447409,0.02034114136972241,SIT-HSS,20069,13.79971718788147,200
200,0.5978255326172546,0.6605553633474539,0.7822892944355407,0.9532474029377109,0.01730301185085716,0.750537021565059,0.2737289459342998,0.7323117510033398,0.2520106185833238,0.9544163142293983,0.021211816753369174,0.11436353606399118,0.020760768559326185,5.783852963416599,1.4003315828084055,0.9498821601962488,0.018780974677037387,SIT-HSS,201080,17.381316900253296,200
200,0.4525967552038063,0.5714978550868915,0.707918371103735,0.8928815625727111,0.05234186462178062,0.7700222148820279,0.35964685800658136,0.673746931690857,0.17160981549125603,0.9491700183288968,0.018282816485726956,0.1066645885286783,0.05339814830845843,6.201114260122846,1.8347683679149305,0.9456774640565395,0.017682037077302593,SIT-HSS,2018,35.79711627960205,200
200,0.48404797949729245,0.6551899270323964,0.7625407964148201,0.8895749381021998,0.053160164236300995,0.6601952059895986,0.21890678489480495,0.6601952059895986,0.218906784894805,0.9527800985744911,0.023775971481134153,0.08878407984420641,0.023750223958942558,6.3598368718308445,1.8464761370991545,0.9496808469144918,0.024091442142501588,SIT-HSS,202000,15.002887487411499,200
200,0.46492987974910605,0.6562650567335001,0.7765961243436538,0.9226618938024116,0.030579379820596577,0.9450845525611882,0.2674898173400795,0.8402095841348178,0.14047665452743746,0.9406143742592341,0.019134621349573493,0.13856470887363334,0.017403657441838485,4.407793107540778,0.8101105042933516,0.9385734554618057,0.0190449661598538,SIT-HSS,206062,220.54191637039185,200
200,0.2670980758061081,0.5653942946915848,0.6854773619022128,0.8827836822452704,0.03461489838991428,0.6918521684876825,0.2743414708049984,0.6646319216412674,0.23086994099900873,0.9462665397244837,0.012227721552041033,0.07612663234282031,0.026930817001445867,8.527279302895058,3.17667257505446,0.9419103555304756,0.010336143891196713,SIT-HSS,206097,155.78520107269287,200
200,0.2792556564697704,0.6135029514536701,0.7401484864276837,0.8863402801904515,0.012573882010653126,0.8911652126605398,0.39001382514535127,0.7730869618720086,0.23941861700583858,0.9316079559070214,0.030116768392775668,0.07953991946179258,0.042039299306417054,9.196514359987527,5.496952303668743,0.9275864298837615,0.02950033274732507,SIT-HSS,207038,158.6891906261444,200
200,0.17823929449326706,0.7171309632369032,0.7984374452408749,0.9148583865677756,0.017066180200553144,0.7726106511153239,0.22549680398457353,0.7423628825497984,0.17254955167443914,0.9389946586208268,0.021750788252990247,0.05731123714994683,0.018322286181888976,10.424417767013509,2.878961283695665,0.9339401955650011,0.021457828948706858,SIT-HSS,207049,121.1876573562622,200
200,0.5183289224810871,0.7276497348514063,0.7991615115796816,0.8700085303297403,0.02865080202045232,0.610145937248741,0.12006707450105748,0.610145937248741,0.12006707450105747,0.9590546693350431,0.010565726128807691,0.07524278867018352,0.014659117815554788,6.881867703610874,1.3263490890111191,0.9539401749996264,0.009746298591130725,SIT-HSS,208078,27.699990272521973,200
200,0.33885479632895715,0.5929895751887249,0.7073756913602957,0.8500033046055775,0.049896268742016865,0.5782993633460924,0.3330019457963533,0.5782993633460924,0.3330019457963533,0.9319019954533972,0.04172783668432418,0.056266650520707194,0.020768981291748048,11.020135530310736,6.50754035281605,0.9199495469588921,0.03744667058087892,SIT-HSS,209021,109.42763543128967,200
200,0.5435657017696872,0.6762184715308693,0.7871525841595354,0.8615461652584498,0.029357293676955644,0.8092553372927206,0.22035443077463757,0.7851978506184114,0.18891513421993955,0.9202477099673362,0.01303801677423533,0.09613237639553429,0.02372426619244069,5.339217077898692,1.3933097904575924,0.9153559999354393,0.011949537854236442,SIT-HSS,217013,18.242883920669556,200
200,0.3372314745975478,0.6562331971462273,0.7640896069982976,0.9026212172731203,0.019144969468249767,1.1660390800577716,0.8630225184838874,0.7877345353980868,0.10839083680449814,0.9270833738123457,0.05136870529593728,0.11014394580863676,0.07658664106607288,6.44661938767113,2.1224733252303363,0.9235431744777541,0.050297960585852126,SIT-HSS,217090,145.63664197921753,200
200,0.33321876370894005,0.6969612766289808,0.7854752482717302,0.897247514968306,0.002776264455435566,0.8087900985097246,0.2142480557550488,0.799647670675708,0.20470583778575732,0.9492917791983212,0.010736644620910278,0.1072193682369658,0.03146074851317884,5.3164463833825994,1.2220060997649398,0.9465343944900024,0.009646192554738713,SIT-HSS,220003,51.8456711769104,200
200,0.5361099647343667,0.6941267009810718,0.7765047495318413,0.9096645722452749,0.012308401393559536,0.874022836639659,0.4737046585011294,0.7279141110916812,0.2534477026741748,0.9396927481039632,0.03148127028185512,0.13925121584975012,0.08005217956054524,5.757645435305393,2.4922893122957506,0.9368560743268685,0.030911140325160753,SIT-HSS,223004,14.207289934158325,200
200,0.475793135568564,0.6982750645515722,0.7765824939523295,0.8679622248598959,0.033543265709034494,0.4806898919048452,0.163185684519966,0.4806898919048452,0.16318568451996596,0.9623890605199016,0.016442842178301227,0.05534197161706774,0.010459488346590363,10.077809914839865,2.7091294709924933,0.958796198217322,0.015600936345189319,SIT-HSS,223060,12.571372032165527,200
200,0.4785966565270193,0.6741089488633154,0.7788430461951472,0.9629407114097548,0.01583093719014268,0.8960265801387296,0.3549795740644455,0.7749872086320684,0.1843269556807727,0.9549316390437885,0.011462792445924384,0.11956799857189611,0.017682083555529398,5.8496837822188885,0.8878162080128563,0.9531537453060268,0.01128527266038206,SIT-HSS,225022,246.459641456604,200
200,0.5121901935533447,0.6828614909957769,0.7858755149839675,0.8022125438630707,0.010817244406971571,0.872522846354622,0.23359454283826056,0.8383961243774326,0.2017963451887477,0.904067978834334,0.027092074776060977,0.08007537688442211,0.02013529103218737,6.00154625025656,2.0886068821781887,0.8995328700399063,0.0269027415112921,SIT-HSS,226022,5.46939754486084,200
200,0.44995678879541756,0.6331165394128361,0.743986247636404,0.8951791765338006,0.019661980309059073,0.9425301649600716,0.20201170887417041,0.8850823505029112,0.14173436308856094,0.9175096016217511,0.011913084362951626,0.12186885552885367,0.014784909795631409,4.242714438010954,0.4626923029438062,0.9141725613395565,0.011199111925865342,SIT-HSS,226033,11.230987548828125,200
200,0.5266900109250122,0.6691372892764184,0.7764840384202796,0.8532806560827902,0.012318207748848684,1.6413015459744433,0.3764126037994434,1.0,0.0,0.8645682346616926,0.016269897255119133,0.17735216662676562,0.03458469694160562,2.8439759281423878,0.4469482726360192,0.8618426534586213,0.015689913721217898,SIT-HSS,226043,13.001465082168579,200
200,0.5358285002661385,0.6730928700382298,0.7620348538222272,0.8703841258613472,0.021195360726297893,1.3145445949184265,0.38760707595922594,0.958055107587818,0.09379163074255434,0.8965453591621815,0.027639000641230305,0.14400546159267089,0.03528483657084303,3.781354578220275,0.8932218056491896,0.8938301455979603,0.027224039682054797,SIT-HSS,226060,13.837016344070435,200
200,0.5646173008868446,0.6797310765974803,0.7914000447390663,0.9114337456204,0.0360402272467465,0.6700850383093374,0.11838268782846335,0.6700850383093374,0.11838268782846337,0.9483798680060364,0.015171252275193125,0.0849788755281118,0.004402141813397311,6.638177227282833,1.148824576721002,0.944874423223333,0.015497834762964255,SIT-HSS,228076,16.041714191436768,200
200,0.549385395703806,0.6868596067212166,0.7948745388225953,0.898792509572945,0.012103229121097518,1.2464103211766764,0.2990341618640796,0.9753991230626745,0.04920175387465111,0.9260639503630157,0.019523952343225032,0.1591966383218079,0.019712369198809473,3.7040520243373387,0.4383735178382991,0.923646359925302,0.01919658602000731,SIT-HSS,230063,14.135650157928467,200
200,0.4030420283562788,0.678633796726358,0.7861344171960952,0.8999345304732493,0.045733752446503975,0.9765765765765766,0.06998003592035093,0.9567606427419513,0.04593052295401734,0.9333462866173147,0.01333085104849075,0.09452813852813853,0.011968454045151582,5.749008008932314,0.49214350881002444,0.9297443925324751,0.013505618958841547,SIT-HSS,230098,134.3333547115326,200
200,0.4571139840260557,0.7153576221730319,0.7875984501842782,0.8946224352716082,0.01687089621412273,1.7436059351947204,0.32913416240162713,1.0,0.0,0.8587984102002794,0.02693596930681531,0.1604006285930258,0.02867854570462479,3.23416160166086,0.6877493077358732,0.856328096722514,0.02681993421990886,SIT-HSS,23050,20.778012990951538,200
200,0.5410843641801896,0.586635644654777,0.7372149097012491,0.8290605629801817,0.048739708941961425,0.43568241138334596,0.08309679362353982,0.43568241138334596,0.08309679362353982,0.9586660708156035,0.01141975944155944,0.04607775621361047,0.007512390695494546,9.759525834430189,1.3207097684844284,0.9500284632994909,0.011014822692938395,SIT-HSS,232076,64.14208436012268,200
200,0.5648979123774494,0.6941377822543178,0.8021228270675647,0.8768517116700206,0.03698606391642002,0.9998341979650389,0.2584466700284803,0.8852883077182142,0.14057938023354108,0.9408578959980829,0.013549699478865937,0.13315171694749942,0.02642269078648824,4.342239983184906,1.037677913497657,0.9390118449870581,0.013053380952864837,SIT-HSS,235098,15.238100051879883,200
200,0.3466372762967184,0.5393232052201823,0.7074552867746308,0.9457238001243586,0.005865172863728359,0.5415042648687509,0.12689381214707227,0.5415042648687508,0.12689381214707224,0.9647657722424077,0.00927918459057325,0.08252490935563991,0.012809728188150012,8.141171457928312,1.5117327133240566,0.960986814070926,0.007824650535897728,SIT-HSS,238025,103.40560722351074,200
200,0.5577463355011367,0.7131940344563289,0.7892081155595998,0.8970012244160822,0.009992466729579657,1.6237083956710123,0.48161278854461265,1.0,0.0,0.9024902688454091,0.020065245489849712,0.18094712516814404,0.04545965388252178,3.20400246528529,0.6947407808370619,0.9004276024177067,0.01960138858763919,SIT-HSS,243095,62.20256972312927,200
200,0.5468375924548714,0.6789795674291603,0.7871000401648985,0.9300136034625129,0.03293934284702016,0.5369848640876679,0.13600509684095308,0.5369848640876678,0.13600509684095302,0.9669270276746911,0.013432233708505536,0.06763445403513008,0.020812695707852397,9.656238599750633,2.4436455039750005,0.9625953431547164,0.013056423250853629,SIT-HSS,246009,12.036302089691162,200
200,0.37515319418153964,0.6876500446621011,0.7831030840064348,0.8913979985558396,0.049530469288740435,0.5864962014494725,0.17311806105453997,0.5864962014494726,0.17311806105453997,0.9622036126709024,0.016560494897398567,0.06541240627130199,0.018223509615567207,8.975802964351326,3.2516429070206327,0.9577635801934867,0.01473329012652512,SIT-HSS,247003,130.1410791873932,200
200,0.41066046329443057,0.5638526087047313,0.7392647604927154,0.9199397241917155,0.018647676595554254,0.6360114247964714,0.1918716297344314,0.6360114247964714,0.19187162973443136,0.9605468876496914,0.009642845690037025,0.09988728790325038,0.02372247529570239,5.973884815315704,1.168337379977178,0.9566928136904773,0.008528811101721507,SIT-HSS,247012,153.6022927761078,200
200,0.4307692796965003,0.7138805750775902,0.7745035603392937,0.8794901370962674,0.0319974222660624,1.0667752583640435,0.4992202926514708,0.8181725938735286,0.21738949133589783,0.9076614356988189,0.027726339814749017,0.10464767325917967,0.029453766819328153,5.9741783273025275,2.078032495646537,0.9035045667177518,0.025473822828389624,SIT-HSS,249021,11.86597490310669,200
200,0.4855500728706445,0.7016070103918713,0.7789195808230552,0.9038447400534716,0.021677114193820266,0.6523105420301682,0.4768293475296567,0.5426065893355613,0.280839220098552,0.9445612398883426,0.04063159174457833,0.09527031339758729,0.0762619614461644,9.465945683140564,4.718321708672295,0.9390161980816188,0.038528236835072345,SIT-HSS,250047,29.452120304107666,200
200,0.5078657693037932,0.6986187189863652,0.784493359776512,0.8283527590883054,0.023258243139003616,0.9634276980071373,0.17240659453558477,0.9037907785571339,0.07865321043120954,0.9278281876412718,0.011921783881313345,0.0991454141713209,0.009567510241675254,4.789775878573854,0.7087349444233418,0.9253888565849382,0.01179177731278852,SIT-HSS,250087,13.680478572845459,200
200,0.3609213682337279,0.7155948618694302,0.7995710098983686,0.9020353003529558,0.03275483436398058,1.441594290192421,0.35940119901334183,1.0,0.0,0.9104798544050882,0.026295845723102493,0.16588141572777967,0.03575812493310276,3.471757270134134,0.6014002913885954,0.9083194782663571,0.02647139508672217,SIT-HSS,253016,155.17545342445374,200
200,0.4720526789216941,0.6821144468031329,0.7929154034780467,0.9528203861346419,0.024447402849001838,0.5378592107564071,0.1693879872875443,0.537859210756407,0.16938798728754428,0.9664691290859515,0.009980153015776198,0.07643245367035559,0.02408777041972599,8.445828722639664,2.228990083219243,0.9556934503704116,0.002682334073684565,SIT-HSS,253092,163.1200020313263,200
200,0.49244511317855666,0.6858889910335692,0.7727661740868103,0.889800817783469,0.03455066361838769,0.5841607243476401,0.32612013988682725,0.5613914417652734,0.2903566433053655,0.943602696873725,0.029673472285068756,0.08263877918549176,0.030927723458805834,7.2569041863387085,2.3276037989833473,0.9404290654757943,0.029346566841907375,SIT-HSS,257098,12.619673252105713,200
200,0.44725204583883665,0.6757633790767621,0.7778068459343862,0.8775150006214553,0.04943300222519342,1.1972720383935338,0.31396728520401157,0.9294512341241313,0.09664888475821333,0.9216300412562095,0.024123205304384294,0.1399619585225181,0.045140063931756874,4.198855535565488,1.435402520797649,0.9196062172059489,0.023935441744702256,SIT-HSS,258089,159.2815613746643,200
200,0.3785550679566649,0.6516749505149908,0.7592929118312177,0.8943229000823416,0.04808150136338469,0.9474757287841399,0.4584089673593475,0.778071385548021,0.14197222606320384,0.9276662715915052,0.04437712547130306,0.09316584680252987,0.01682004859331211,5.824996014474683,1.4632776041508613,0.9244825391716939,0.04410254777527868,SIT-HSS,259060,25.275723457336426,200
200,0.4243479360009529,0.6325335404190107,0.7547734803365582,0.7711637997598576,0.03164584620415564,0.9682566822753739,0.3119493421385814,0.8597845868873908,0.22187317323254674,0.9094332290593972,0.02989015750966718,0.09490158309757417,0.034362989827532504,4.912136717744281,2.3410746300278773,0.9044650117431361,0.02871019467046955,SIT-HSS,267036,12.857479333877563,200
200,0.31730484850355767,0.6887569628784774,0.7815172927359555,0.9045161322456534,0.033218380864096085,0.5353618176048083,0.2588698073529736,0.5353618176048083,0.25886980735297366,0.9523500495463113,0.024564270929895597,0.058252427184466014,0.02422370636749459,12.54392686399769,9.066419394433023,0.9487347396152117,0.024482315086848967,SIT-HSS,268048,139.92662978172302,200
200,0.25292629560225427,0.6936332004678452,0.7785083983834716,0.8300064243932932,0.06020443736694962,0.6954462730163664,0.25185940642683535,0.6859281999468916,0.2389394673592463,0.9270004727948653,0.027910360588732013,0.05944355149072963,0.019500029612726903,8.631374597460262,3.193603288616842,0.9224332240912038,0.027474148429652085,SIT-HSS,268074,117.9725489616394,200
200,0.284253185004445,0.6375053221006352,0.7526693411914078,0.9345012047448138,0.03625229953221774,1.1166469129085952,0.20315487965611786,0.9617347037907786,0.06372486829022726,0.9282154908323133,0.02085742299642466,0.12641191902192742,0.014978618037369652,4.704969575100373,0.26601206063520483,0.9258277961195145,0.021054837813310794,SIT-HSS,277053,145.0478596687317,200
200,0.6325436475516053,0.6444807112516557,0.7806637773825865,0.8915444778518499,0.021411371977781275,0.7131650701744159,0.1427793151589971,0.7131650701744159,0.1427793151589971,0.9628927273787088,0.0051389541843083995,0.0882431482782853,0.01853126796325878,6.326537367236277,0.6195984919580323,0.9600919140674712,0.005442467644359798,SIT-HSS,279005,16.06587815284729,200
200,0.43413467001487205,0.6224363775868221,0.7703674794519885,0.864032899447177,0.06474173505151982,0.8183722903349072,0.27162418445639563,0.7840752326733634,0.23040635488044098,0.9456177960850858,0.023900936333160483,0.08872332708698544,0.010159366084193317,6.4401541823191755,1.8137706060605527,0.9419360142995165,0.024120316552341925,SIT-HSS,28083,180.1084246635437,200
200,0.5231310847891693,0.6297720049904144,0.7764865403023828,0.8647089577994151,0.0107669669235549,0.9167298139260757,0.19245021785542127,0.8630021826283507,0.10377531716390034,0.9286131566505398,0.010507220920964577,0.10155396892062159,0.019164289787335455,5.1298748246163255,0.7636803278396551,0.9253586676906463,0.009853695173642789,SIT-HSS,281017,13.931705713272095,200
200,0.6147180871428466,0.6227566489798463,0.7864293359472453,0.8885056929788222,0.008506335967283065,0.7374369336986158,0.2087809871305493,0.737436933698616,0.2087809871305493,0.9183722903349072,0.01557709152476152,0.08294446718515486,0.024208617269382546,6.064788773971549,2.242687213917725,0.9096684545821855,0.013187658559893664,SIT-HSS,285022,17.971177577972412,200
200,0.5310019484924831,0.7135440703026261,0.8004270699485843,0.8676131847516725,0.013569314534679227,1.4107900855564408,0.530287482236594,0.9077518927986217,0.18449621440275646,0.8944190775966476,0.031860498647159265,0.1875432747788178,0.07144344334019759,3.459569225972536,1.56275602278402,0.8913571992236922,0.03070176358343977,SIT-HSS,288024,13.276443719863892,200
200,0.5076383312134602,0.6515862343605158,0.7603994044412615,0.7847397571167789,0.08688509343575204,0.8190011722722004,0.15020230891882907,0.8159973057169317,0.14635300361983536,0.9092777896516214,0.029920217132882784,0.07703198404015703,0.009894383237897672,5.414491014174164,1.8050679484700092,0.9054407876383517,0.031012211248557964,SIT-HSS,289011,11.009998559951782,200
200,0.4713910668439165,0.6646604441420517,0.76969150343015,0.9160088392339663,0.023881479348498016,1.3791594614024523,0.4885689641080188,0.9314240192744865,0.1371519614510269,0.9153567658240556,0.02385708049306606,0.14755357201457026,0.03462632388250249,4.247136951372825,1.3713800876558375,0.9128527341267759,0.022837328362115328,SIT-HSS,290035,24.19088101387024,200
200,0.39527003948053613,0.6466369326384277,0.7605805823498154,0.9352423329413612,0.03148749845482661,0.6050079554752451,0.18631107814837553,0.6050079554752452,0.18631107814837553,0.9595522913279922,0.016207497944502245,0.10439223697650664,0.021981189477972403,6.331169495194838,1.7773326039016113,0.9572355053264071,0.01609345809240543,SIT-HSS,29030,217.06611847877502,200
200,0.3868908743659351,0.6857751957723724,0.7931389918809655,0.936158624042115,0.026756049038477624,0.6913711698758427,0.1434146408341584,0.6913711698758427,0.1434146408341584,0.9595753913510923,0.011141079266208125,0.09804869819490523,0.015278486847137677,6.571179916975439,0.9387669620472705,0.9567790835080558,0.010851310672426919,SIT-HSS,296028,207.83676481246948,200
200,0.21810356939254766,0.6954274667703665,0.7886498843125719,0.8894138627982668,0.03319188767816088,1.1129422736899373,0.3527772452096297,0.9178425010200713,0.1625011764038757,0.9036146138949878,0.036000914450372325,0.06790875654790653,0.022883909207443598,8.262939473083115,2.7290255958941825,0.8989614396156455,0.035654467085512856,SIT-HSS,296058,158.81371927261353,200
200,0.5410748328284809,0.6422615159551295,0.7583520202022505,0.8860940187592551,0.06649690771023513,0.39162181592088136,0.10479175113372963,0.39162181592088136,0.10479175113372963,0.9683240393520768,0.010376368309283965,0.05020707831325301,0.009112396506319603,10.369406744067597,2.9609702444324872,0.9641869837664231,0.009513391917957418,SIT-HSS,302022,17.663253784179688,200
200,0.5184030333197795,0.5764361108648824,0.7521125507911023,0.8723019309349013,0.020105900794678395,0.689364058522937,0.21590814095316502,0.689364058522937,0.21590814095316502,0.9331157181624472,0.025404108159100523,0.10226145266687194,0.029648980883850564,4.900680068375935,1.0554487403881767,0.9271986775929172,0.02459786887931293,SIT-HSS,306051,12.845144033432007,200
200,0.33454760071059575,0.5115761419274988,0.6987334916039805,0.8906475723062159,0.04675330053544451,0.3785921075640702,0.11344215646064841,0.3785921075640702,0.11344215646064841,0.9657761283929508,0.017372759041525337,0.040337449019498296,0.00449692005671001,13.153435733711598,2.2380480943370533,0.9577333418454916,0.02013212455788325,SIT-HSS,306052,148.93176460266113,200
200,0.5571207753548909,0.7240632431727889,0.7939589706248631,0.9508689966642735,0.05474636400204032,0.3303184564866808,0.23131325170315636,0.3303184564866808,0.2313132517031563,0.9721720282467946,0.026847620241162606,0.06660311873686268,0.02749003248629089,10.88770480857984,3.4901127885321013,0.9648814282770669,0.026064190272755687,SIT-HSS,3063,13.783682584762573,200
200,0.41736266267101185,0.5890539106755214,0.7265212457683873,0.9220797326210869,0.022529237635235212,1.614055608448132,0.3475344360102019,0.9962953607813422,0.007409278437315737,0.9053322193509109,0.017691820505894414,0.19065519937451136,0.03779425588397198,3.3049642962049255,0.8019234468710164,0.9032689629067636,0.01752358916945461,SIT-HSS,309040,170.3664517402649,200
200,0.25659860808878227,0.6565973134479367,0.7589615620080025,0.8939671024475084,0.030987646695982845,0.4564491162622003,0.11823504179210666,0.4564491162622004,0.1182350417921067,0.9459835104694918,0.017667598150396403,0.04807367312449484,0.0021944639307682834,10.862465015395454,1.7182267863612126,0.940756581878077,0.018274826189411758,SIT-HSS,317043,129.44904088974,200
200,0.4122853111526403,0.6655646663253542,0.7653719157614913,0.943617383730819,0.0126764591914016,0.5855013892397068,0.12046005337485706,0.5855013892397068,0.12046005337485705,0.9621777061029398,0.007678504619542618,0.08929573026626754,0.021259356084714055,6.768892618381789,1.4262356886778886,0.9574512671241644,0.006684624404797264,SIT-HSS,326025,158.7739655971527,200
200,0.45996552579109123,0.661570904326564,0.7697213121400808,0.9051474814933755,0.014941298172221342,0.43854638247161615,0.08903573191502095,0.4385463824716161,0.08903573191502091,0.9585417192893828,0.0054710083723347736,0.05156562291805463,0.008883796251286831,9.944867146193747,1.4565003865233819,0.9523524710907887,0.004928739815913219,SIT-HSS,326085,24.475603103637695,200
200,0.31858188347827193,0.7157108749415508,0.7959372322719891,0.8899843126055454,0.043471380728014944,0.5700286915240186,0.17708648892157017,0.5700286915240186,0.17708648892157017,0.9563344796989657,0.012931798036470613,0.05111166376523253,0.0149327356732704,12.394774432763397,5.991173280327782,0.9493882049956817,0.012450468458057555,SIT-HSS,33044,58.28891468048096,200
200,0.4940028310197039,0.6114919232472127,0.7395811646089485,0.916419437348509,0.04714887281315725,0.6386530311763956,0.3895217728707761,0.556331673154103,0.21165165544439968,0.9559847410314699,0.035250768642399385,0.08148257968865827,0.027434594001399144,8.344193371809949,2.6632653208041828,0.9520612267808529,0.03567459175862975,SIT-HSS,334025,223.9377212524414,200
200,0.31891420097693685,0.6980032920392009,0.7928752600172889,0.8483751459952952,0.04388886570682901,1.1714859359719174,0.3888047855240931,0.901735092389298,0.12136529973672058,0.893912604192978,0.035022774138335086,0.11101093976538816,0.020135609059978497,4.696701256836006,1.3229459121325435,0.8877987777442972,0.032166116992561514,SIT-HSS,335088,122.19406127929688,200
200,0.41018147928227777,0.6260715087490518,0.7624922197491149,0.9748221479192993,0.025307277880934037,1.1230989436596914,0.4996081903053757,0.8615021923433138,0.18790851045066737,0.9440832637094319,0.0304199093684752,0.146157063197026,0.04757011045296558,5.679173845971945,2.58960826969854,0.9417347793713216,0.030154960118392388,SIT-HSS,335094,231.38432145118713,200
200,0.43710233350487043,0.6688051105379952,0.7673755860380598,0.9317815271322456,0.04116511623484466,0.7344589737113102,0.2597911347478909,0.7193826464854503,0.2410827514141807,0.954072836315827,0.01647213177438919,0.09971415398801291,0.024181607507390967,6.574779106232171,2.126088597005631,0.9519637721195832,0.016020017298887964,SIT-HSS,344010,25.682201862335205,200
200,0.14975543330815666,0.6551973519778233,0.7662974321622004,0.933944905042684,0.024484459535826907,0.6110051100705306,0.1725642222074684,0.6110051100705306,0.1725642222074685,0.9480081087557723,0.01965025287876863,0.047531530871881236,0.008578781087873593,12.456000144571341,3.0698821508374006,0.9436796017637139,0.01891158095946092,SIT-HSS,346016,117.55558562278748,200
200,0.5308665936379078,0.6386750593766333,0.7739724601511434,0.81398733904071,0.039270943116748766,0.671031923368372,0.08139693712653712,0.6710319233683718,0.08139693712653708,0.9361713978536409,0.007108163889675982,0.06952979226271924,0.020508059793175912,5.493615012943967,1.1764222429698452,0.9309396282005917,0.008851329864739549,SIT-HSS,347031,49.148841381073,200
200,0.6052917880755817,0.671762321336416,0.7987401546601421,0.8702110012742104,0.02599430701859287,0.7286805137272427,0.06111546334566626,0.7286805137272426,0.06111546334566619,0.94249648642172,0.008556413877820206,0.08649015614392397,0.018809156178578416,4.9246244071063305,0.7109472996914507,0.9376882062423568,0.008301994074371714,SIT-HSS,35028,15.444779872894287,200
200,0.6100443919791355,0.6640621864385036,0.7934427732588438,0.9068466417586849,0.016262128774148926,0.6115180601161909,0.12714930043259584,0.6115180601161909,0.12714930043259584,0.9569691906140504,0.011387235557983095,0.07789159197609903,0.020876149922953807,6.083487214995516,0.7510678866796832,0.9524722526687887,0.011289451856706023,SIT-HSS,35049,36.94895792007446,200
200,0.33556844161119115,0.5819889624665203,0.7188969879597482,0.9808722332236939,0.010786689176800465,0.47000451206058685,0.143863049967266,0.47000451206058685,0.143863049967266,0.9723728041485051,0.008529092162667729,0.1072454698034307,0.012700208948835364,6.9224873299421334,1.0346571738392294,0.9699251407375059,0.009131612754323032,SIT-HSS,36046,182.44523644447327,200
200,0.28876230808850883,0.63136649536756,0.7679732787081585,0.8888558948051491,0.01416421251254655,1.1262405468012946,0.22284978571978437,0.9637577908605945,0.061295773145683886,0.9292934199476255,0.01777315748385879,0.10988817658316381,0.020309296973837567,5.29930673258253,0.9564831926974138,0.9259679641891982,0.01731806440511716,SIT-HSS,365072,144.72110033035278,200
200,0.5587335993152166,0.690844194720382,0.7899651255451774,0.8872687968771299,0.010782278184629101,1.1056480635919888,0.2663524285119795,0.9248202192127426,0.14455119444067782,0.927754138034512,0.015370836028089864,0.13870253942608268,0.026408987550474095,3.9380581762171034,1.0599067830543485,0.925034944630731,0.014864332987520644,SIT-HSS,368037,16.029128789901733,200
200,0.4533787331910553,0.6282072787259712,0.7689536814780422,0.9642357909194367,0.008179643455801393,0.5301960479530572,0.07959678538297761,0.5301960479530572,0.07959678538297757,0.9813369084397122,0.004722314343726505,0.0782945271243399,0.0132995222547822,9.13579022119127,1.282886689573832,0.9796826761079093,0.004524786189937227,SIT-HSS,372019,212.50337529182434,200
200,0.49978603686991585,0.6733990947103221,0.7789153609244018,0.8587869033164744,0.02122089706567585,0.8409682147999905,0.4705232117566744,0.7049371441894806,0.22044137451488036,0.9222144502518334,0.03266608625957962,0.10309169901431713,0.06814287022159704,7.125211382627984,3.190448710255252,0.9142343130956019,0.029220130110677763,SIT-HSS,376086,19.785658597946167,200
200,0.5000276136671108,0.6027238984079311,0.738230860234617,0.9521506457806623,0.010148586911969426,0.6159053374006644,0.1160645902207433,0.6159053374006646,0.11606459022074334,0.9694574517004424,0.01056711996975777,0.10359947434212635,0.027401702054627317,6.733625620935731,1.457276331265449,0.9664740096983087,0.009977672223073853,SIT-HSS,384022,13.187642812728882,200
200,0.5242103918071217,0.7035301219864281,0.8021082341828116,0.8173355428529963,0.03927140407723558,0.9556039144824192,0.24452850552459393,0.864749580637431,0.17144125370795762,0.919183165912138,0.023568574563364458,0.09920689768651067,0.021496548367560913,4.436972643327375,0.7819806871473883,0.915629585926875,0.024140584355444535,SIT-HSS,384089,14.635530948638916,200
200,0.30507797559949135,0.7000212783490521,0.8067158809852684,0.9374645961041848,0.009803846958776525,0.692422976535126,0.2029879109736069,0.6924229765351261,0.2029879109736069,0.9592865331183088,0.010523654323009545,0.0741015415471443,0.02320629050813797,9.002689659475235,2.6410434925687944,0.9558855181051449,0.009514318551447121,SIT-HSS,385022,179.44923377037048,200
200,0.43197768491079197,0.5630665917674866,0.7181612507391478,0.8555577747072762,0.03723974423746387,0.5639134461564368,0.13132633763070528,0.5639134461564368,0.1313263376307053,0.9420353495119851,0.013502168202109687,0.06519919491390051,0.015416481996486566,8.354599653846588,3.556767642313476,0.936682874835283,0.01232796716855933,SIT-HSS,388006,114.92182636260986,200
200,0.5045863444423788,0.6349113995186281,0.7517202104913,0.8710367205587449,0.03263637470341058,1.6361370716510906,0.6564074992893616,1.0,0.0,0.889226106048536,0.04383895575608823,0.21223941770899582,0.06420846346085726,3.004357761027669,0.9063383878127524,0.8871404277762209,0.04355116315880599,SIT-HSS,388018,25.04422926902771,200
200,0.5668510541148436,0.6280514591059934,0.7620312643799753,0.8703790561674009,0.030802644949404927,1.6585682735215446,0.2781361805615514,1.0,0.0,0.9026936354039158,0.017389257356020288,0.21752339812814978,0.03369547659954688,2.5424895573529653,0.33564404691538857,0.9010557241952295,0.017340971473640734,SIT-HSS,388067,13.96149492263794,200
200,0.5672141822013862,0.6506206407635714,0.7696388932148724,0.8242656003860258,0.01712565601862862,1.0126661528530687,0.2415137467682314,0.8972329626535234,0.10417216010265974,0.9076506412955011,0.008941890660622105,0.11564739581591822,0.030666152033082168,4.365864259195693,1.0305002489951443,0.9039423450226926,0.007815422843270721,SIT-HSS,393035,39.20306587219238,200
200,0.3658373351423792,0.6070002320670651,0.753759428615022,0.8456673645457166,0.06581330597792669,0.44921729781542863,0.24628538372236597,0.44921729781542863,0.246285383722366,0.9534277627735571,0.03215922131470448,0.07223275657738801,0.018426641667756472,8.14912113762008,2.856859292632688,0.9460375544487691,0.03276295290392404,SIT-HSS,41006,135.27865719795227,200
200,0.47146775885647635,0.6950948958089586,0.7909394560203508,0.8619190585973264,0.016108664484738057,0.643361549903606,0.06503509336474968,0.643361549903606,0.06503509336474972,0.9383542420925598,0.007951767741369593,0.07870916351147249,0.00959622093615091,6.079709349545987,0.7826504223646094,0.932045722933573,0.0076492448073651464,SIT-HSS,41029,27.858579874038696,200
200,0.3269259852218219,0.7050537976723159,0.7895555345517409,0.8112186274205072,0.04621663975964531,0.6993050563144021,0.2163117277860193,0.6818077603124333,0.18555628391829054,0.9346195944326785,0.017556349168849086,0.06623311918185394,0.01873692635233207,7.222702279899815,2.2296094680176104,0.9302817101235504,0.016890946889054907,SIT-HSS,41085,126.44056630134583,200
200,0.5712249112802686,0.6482974848034774,0.7717278018080437,0.9338024356423791,0.01859246981245161,0.28683536160171674,0.03166211098536821,0.28683536160171674,0.03166211098536822,0.9873424826695856,0.0016333754966744009,0.051965330683449266,0.004446805002783708,12.116347261082424,0.8098430962012912,0.9820985615378138,0.0020567570650823663,SIT-HSS,41096,12.769796371459961,200
200,0.3168869149715887,0.6178224065456142,0.7380450407788807,0.8718628363310565,0.06127498980813622,0.36981193990539785,0.1789830664226808,0.36981193990539785,0.17898306642268083,0.9580043738922243,0.023370833594649552,0.03569503842008275,0.01756300469573339,18.393643984856034,8.876557393731375,0.9482502452128619,0.024910541755201885,SIT-HSS,43033,114.2261049747467,200
200,0.527391855822432,0.7183430181040903,0.788427600297055,0.9197672003038073,0.012796958538081432,0.22094027888420414,0.04175668943594189,0.2209402788842041,0.04175668943594189,0.9787475469718461,0.0034206520638126263,0.03992138312402146,0.008430578551102888,14.601781347204295,2.1174620511809117,0.9621625939382941,0.0028063527488791026,SIT-HSS,43051,14.626679182052612,200
200,0.28678662662372345,0.6983106925375545,0.7871727156020605,0.8402453255554134,0.00997639869177532,0.9454187472879061,0.29304954271682676,0.8308365878459337,0.1584052382391259,0.9104617198075143,0.025221920438025906,0.09086732633279483,0.023142962126122605,5.023672828092915,1.1877748902129368,0.9078063045845759,0.025575195445425605,SIT-HSS,45000,132.15914368629456,200
200,0.4423996036987237,0.6602865326847959,0.7461608387633043,0.9289455770082675,0.03567817031947838,0.4435010135944715,0.15164660183812118,0.4435010135944715,0.15164660183812115,0.9645779496246787,0.015171826809110667,0.04559391389545271,0.01088257555438857,12.84592859400738,4.355884432091374,0.9605438220391489,0.015621541263069461,SIT-HSS,48017,14.110790729522705,200
200,0.3798148343800619,0.6769851321664013,0.7843253169851644,0.8987780075023235,0.026520872320402098,0.8297070614827623,0.11015220686134097,0.8233742009442944,0.09867114613803979,0.9536738751692024,0.0059059154175928755,0.12197720310214444,0.020753728364218266,4.886838674381945,0.5786827409325703,0.9519075805588347,0.006235996230474612,SIT-HSS,48025,61.421147108078,200
200,0.5375147253774142,0.6324258623383406,0.7555307819243364,0.7720559877207602,0.029520169820280988,0.37598202084183396,0.03418023398053715,0.37598202084183396,0.03418023398053718,0.9545223152699789,0.0037845040346242737,0.04273810779453645,0.006318304913400479,8.185136270653503,0.9261252598561259,0.9451824793880872,0.004127940258770998,SIT-HSS,49024,28.589335680007935,200
200,0.39061914299608175,0.6781037227967862,0.7678961821369411,0.80754689450855,0.029966428847867117,1.080403624328858,0.2224490226222839,0.9484316811419615,0.10313663771607695,0.8996496136683053,0.011783208364895503,0.10542361269696277,0.010787784396843855,4.516557408530503,0.7022706511936215,0.8936798070754459,0.011000378565616982,SIT-HSS,5096,12.577096462249756,200
200,0.43696407361507733,0.6672832029674388,0.7832060304716449,0.9532706261445558,0.01759264171064779,1.2212848362381075,0.21928461556938755,0.9657929676621265,0.06841406467574687,0.9430068458105841,0.010661353334870232,0.158431470809321,0.020715678727965602,3.808967365184433,0.35501725860956745,0.9413704325977994,0.010631383503743345,SIT-HSS,51084,194.36345219612122,200
200,0.3694664174197969,0.6970223623267532,0.7869080578116286,0.917361028866841,0.022847764683553904,1.2185879625131961,0.344214850713997,0.9650041126676641,0.06999177466467184,0.9194733194733195,0.018216603794370363,0.09668825161887143,0.01494978473701208,5.645490695716869,1.0120309024231058,0.9161146295028832,0.017216492608786698,SIT-HSS,6046,117.54085850715637,200
200,0.533390996843742,0.6708979721816075,0.7662506150599689,0.8799492500610653,0.022629153512384044,0.8976263107104228,0.34242009175523624,0.7898795992253935,0.1597953049859458,0.9277103127570416,0.02558861387999603,0.11652226073047187,0.029350137198292544,4.74692678689283,1.1155568942220266,0.9248080286999402,0.02516880219464589,SIT-HSS,61034,13.56439208984375,200
200,0.35742749671952595,0.6644012025679674,0.7629594943310882,0.9035952156881105,0.023739072847557687,0.8703169020926029,0.3355563445098501,0.7749107842565787,0.1823155906031555,0.9349408358754154,0.016538113325423667,0.09815190443993689,0.017133833062540613,5.822240915619927,1.0917246461471048,0.9309949994020034,0.015513880301889412,SIT-HSS,64061,60.67005228996277,200
200,0.577053887321341,0.6821155440486706,0.8004196525569323,0.9055437557783742,0.011404488904998343,1.0784671083736506,0.39353732208578746,0.8554957545611751,0.17843968345492725,0.9272517665041029,0.02015903634675277,0.12781970649895177,0.03814335575554085,4.385691715529965,1.305850265491856,0.9241809648143796,0.01914208756336285,SIT-HSS,65084,14.125929594039917,200
200,0.4398950802859131,0.6472899440689251,0.7618490579283138,0.8779946481519163,0.008347598462070489,0.5848874035789924,0.03493686252514227,0.5848874035789924,0.03493686252514232,0.9469083749457582,0.001187898773666898,0.08011280816274795,0.010989450374993113,6.355985466832336,0.5072176948003808,0.9400627977263489,0.0014731124819477787,SIT-HSS,69000,13.371068000793457,200
200,0.48692145417873123,0.6979824533183314,0.7872920263338622,0.8978890752935029,0.02703335945225031,0.8441096560255439,0.23717015027907226,0.814712987610184,0.20826240384597913,0.9156522626148794,0.028022581837573,0.10823066158109926,0.024319598415342925,5.526634647219616,1.2435850656214997,0.9107197323902931,0.027380402528474776,SIT-HSS,69007,5.639464855194092,200
200,0.35734961138363774,0.650830604683225,0.7666784728920117,0.8582304951637898,0.013330414993942148,0.3886334933063905,0.09888734297038178,0.3886334933063905,0.09888734297038176,0.9582671096689788,0.008553149242698047,0.04108829084041549,0.01197420946777713,10.32129212425951,2.395456041345721,0.9379470052367246,0.0075613174099220075,SIT-HSS,69022,118.86951661109924,200
200,0.5063599445267682,0.6940545212285989,0.7746325892221074,0.8876870324124481,0.0821816361216484,0.43610145012014173,0.6142187973208826,0.30131497421217046,0.3131791432273831,0.957024242070971,0.06309505245113456,0.05877289833909131,0.0404134232080664,14.650395450766617,5.645462304785126,0.9493629323068573,0.06119435209679707,SIT-HSS,70011,120.26653957366943,200
200,0.37062737269087814,0.6900679845955074,0.7892486272142774,0.9533054902211459,0.01265269785039109,0.4337817328471534,0.05322800085240095,0.4337817328471534,0.05322800085240095,0.9748619935535823,0.004505070832336902,0.054783766858070265,0.003617134211571731,11.167200215110503,1.1949918032380504,0.9693789211312578,0.0041730475751727315,SIT-HSS,70090,139.15150380134583,200
200,0.39656650868598164,0.612302307494813,0.7342478240078609,0.9037636280023269,0.013916058803865107,0.9925842449206936,0.12548983454746113,0.9379926295814147,0.07620712598321533,0.9359511920259583,0.010293276726356514,0.13738246505717916,0.010051066875606614,4.234710449990722,0.4460575293566391,0.9337552118702614,0.010358252345308731,SIT-HSS,71076,25.540061473846436,200
200,0.4996003194826214,0.6736982584799491,0.7872023726501995,0.8022414720993447,0.020979365808437015,1.128595022052966,0.38614904590645505,0.8970434129312634,0.13173789919292142,0.9006534931768577,0.013436777071202078,0.08796183161691976,0.02678612126086686,5.114913986020403,1.3668467964967996,0.8959015455380983,0.011270199981614857,SIT-HSS,71099,18.259564638137817,200
200,0.21909547988774736,0.6265629400908355,0.7417987387605638,0.8940517432184457,0.024637649116002625,0.8548131164953595,0.39963237845317245,0.7478538027603449,0.27136351524936597,0.9360698764904372,0.039417144377124444,0.06337732065463483,0.03096611435480603,12.034774448575325,7.557755943485171,0.9302784536952022,0.03783928737243037,SIT-HSS,77062,144.83602261543274,200
200,0.3773088869675665,0.684600126273515,0.7753737273921256,0.8262445898481018,0.028991404686156255,0.8960779614985223,0.16977668478371227,0.8628193254361479,0.12362357078320942,0.9055673214551719,0.018748147929573227,0.09522930219785423,0.014137809155735544,4.93139995358917,0.46961795501882625,0.9010777259571844,0.018466437419160882,SIT-HSS,78098,11.609370946884155,200
200,0.3502758592302797,0.7136703305524823,0.7899352157894977,0.8625904450020911,0.015350127977399609,1.1122031963153458,0.44533246787976705,0.9147849708597372,0.1181698239187067,0.8991910674153666,0.023808218765515306,0.11787254989360423,0.04358564103225611,4.743086428328838,1.065780252229719,0.8931660304625414,0.02224700873355794,SIT-HSS,79073,22.56023669242859,200
200,0.6050644606344066,0.6694553570119056,0.7804735285702789,0.9403911856421412,0.01905256731063059,0.8919134806985275,0.10502808322204917,0.8872103591729759,0.09929438417962805,0.9421430776570964,0.013823309896375483,0.11874483600962744,0.010247574161464384,5.241869070189295,0.8112399960001362,0.9395089814936152,0.014122143739478838,SIT-HSS,80085,16.987090826034546,200
200,0.4938498017265114,0.6600063019656199,0.7694168788421872,0.8797281929402269,0.03906961601980843,0.7436674632936316,0.2561302810497398,0.7150622945015469,0.21262657439858101,0.9351062061342436,0.01282087649140832,0.07966995451632895,0.016444715182095476,6.845635666864225,1.5917145874870864,0.929134280400605,0.009765439956748221,SIT-HSS,80090,11.383347272872925,200
200,0.5106364886764057,0.7138901654362858,0.7926680707464785,0.9096443916156268,0.02071724100156825,0.42293767527412385,0.09462316292323525,0.42293767527412385,0.09462316292323524,0.9687463164098677,0.00658566868780529,0.07457838850718301,0.016872189163310018,7.693682659400378,2.1412036258960874,0.9613414713882007,0.003731252312099649,SIT-HSS,8068,13.221882343292236,200
200,0.4375092678859756,0.6777070125726243,0.760343034065258,0.9241373898405509,0.0031425812209453594,0.6732767274823349,0.09851856799300274,0.673276727482335,0.09851856799300271,0.9492710539439513,0.00240705896098182,0.1069274653626732,0.0091392004054864,5.755118868832795,0.2610235750310572,0.9470634538751213,0.001992590863742997,SIT-HSS,81066,12.428143501281738,200
200,0.520562703669502,0.6980021300471059,0.7803970925117654,0.8026434322878929,0.004767658579343989,1.385246209545275,0.654940182771828,0.9041120199998705,0.19177596000025904,0.9046988037642244,0.04246582336177813,0.13484828921885086,0.04245437365539052,3.5240181815245806,1.1022066468563967,0.902964277180866,0.04215809211415062,SIT-HSS,81090,12.848426103591919,200
200,0.49683174429786475,0.6904552648774451,0.7887205264928339,0.8616931040553633,0.015866401394497683,1.0179972927636478,0.24882452395314045,0.8965498928115749,0.11833318793298962,0.9199538863090266,0.016219089968230623,0.09410398820170071,0.017248665948840124,5.369766403711914,1.1013726290247594,0.9169747462568963,0.01582018900999375,SIT-HSS,81095,5.654454708099365,200
200,0.213353526588544,0.6724928179576494,0.7743404371571178,0.9476788195068556,0.04887843218271326,0.562268379090809,0.1181374499004695,0.5622683790908091,0.1181374499004695,0.9661556596136036,0.014007733402709315,0.05654225849843825,0.010283185958963183,11.025326556772622,1.8149195906087547,0.959497659871492,0.012787805693270376,SIT-HSS,87015,126.51013350486755,200
200,0.44357036922500837,0.6037743726697681,0.7204465373492283,0.8653965005410005,0.02410870097939783,0.9091728680513727,0.18198969902649978,0.8647003581583019,0.11478155202963274,0.9251403812151475,0.023293683386328957,0.13382557992140956,0.031499696620278225,4.030327655221918,0.8653153025727125,0.9224375630280385,0.024231865272142914,SIT-HSS,92014,26.859862804412842,200
200,0.28943144399780585,0.7266951024034378,0.8144842880693703,0.8389856080523146,0.002932472844527926,1.0520411137233565,0.29602112529436775,0.8945071599277206,0.17818876049898813,0.8973491104332225,0.02460314672648703,0.07975335065993985,0.025501127912095793,6.200845597548126,2.7796307628483627,0.892772045757129,0.024386171493935918,SIT-HSS,94095,78.75148248672485,200
200,0.4745404343975858,0.7233445412266601,0.7976531735887821,0.8588447570618598,0.03309972701901177,0.6522911121041962,0.11587282123066905,0.6522911121041963,0.11587282123066904,0.953729574290322,0.0033829935815463696,0.07088820560422347,0.018536651352740484,7.6491427725329135,1.7663867545726075,0.950635281920083,0.0036326919750483896,SIT-HSS,97010,13.47535252571106,200
